summary_scope,benchmark_group,metric_name,our_value,n_total,n_computable,n_not_computable,comparator_name,comparator_value,comparator_direction,beats_comparator,delta,unit,notes
global,A_validity,parse_validity_rate,1.0,22,22,0,,,,,,,
global,A_validity,composition_match_rate,1.0,22,22,0,,,,,,,
global,A_validity,pre_dft_validity_rate,0.8636363636363636,22,22,0,,,,,,,
global,A_validity,geometry_ok_rate,1.0,22,22,0,,,,,,,
global,A_validity,bond_reasonable_rate,0.8636363636363636,22,22,0,,,,,,,
global,A_validity,bad_contact_rate,0.13636363636363635,22,22,0,,,,,,,
global,A_validity,median_min_distance,1.9918584287042087,22,17,5,,,,,,,
global,A_validity,median_bad_contacts,0.0,22,22,0,,,,,,,
global,A_validity,hard_fail_count,3.0,22,22,0,,,,,,,
global,B_structure_reproduction,structure_match_rate,,22,0,22,,,,,,,missing required columns: structure_match
global,B_structure_reproduction,match_rate,,22,0,22,,,,,,,missing required columns: structure_match
global,B_structure_reproduction,anonymous_match_rate,,22,0,22,,,,,,,missing required columns: anonymous_match
global,B_structure_reproduction,supercell_match_rate,,22,0,22,,,,,,,missing required columns: supercell_match
global,B_structure_reproduction,mean_rms_dist,,22,0,22,,,,,,,missing required columns: rms_dist
global,B_structure_reproduction,median_rms_dist,,22,0,22,,,,,,,missing required columns: rms_dist
global,B_structure_reproduction,best_rms_dist,,22,0,22,,,,,,,missing required columns: rms_dist
global,B_structure_reproduction,mean_max_dist,,22,0,22,,,,,,,missing required columns: max_dist
global,B_structure_reproduction,structure_rmse,,22,0,22,,,,,,,missing required columns: rms_dist
global,B_structure_reproduction,structure_rmse_relaxed,,22,0,22,,,,,,,"missing required columns: rms_dist_after, relaxed_rms_dist"
global,B_structure_reproduction,match_rate_n1,,22,0,22,,,,,,,missing required columns: structure_match
global,B_structure_reproduction,match_rate_nk,,22,0,22,,,,,,,missing required columns: structure_match
global,C_mlip_stability,chgnet_ok_rate,1.0,22,22,0,,,,,,,
global,C_mlip_stability,m3gnet_ok_rate,1.0,22,22,0,,,,,,,
global,C_mlip_stability,mace_ok_rate,1.0,22,22,0,,,,,,,
global,C_mlip_stability,sevennet_ok_rate,1.0,22,22,0,,,,,,,
global,C_mlip_stability,mlip_ensemble_ok_rate,1.0,22,22,0,,,,,,,
global,C_mlip_stability,mlip_consensus_stable_rate,0.18181818181818182,22,22,0,,,,,,,
global,C_mlip_stability,mlip_disagreement_rate,0.8181818181818182,22,22,0,,,,,,,
global,C_mlip_stability,median_mlip_mean_energy,-2.988885998725891,22,22,0,,,,,,,
global,C_mlip_stability,median_mlip_energy_std,1.2731933335368386,22,22,0,,,,,,,
global,C_mlip_stability,median_mlip_max_force,2.6765640032235116,22,22,0,,,,,,,
global,C_mlip_stability,predicted_ehull_rate_0_00,,22,0,22,,,,,,,missing required columns: predicted_energy_above_hull
global,C_mlip_stability,predicted_ehull_rate_0_05,,22,0,22,,,,,,,missing required columns: predicted_energy_above_hull
global,C_mlip_stability,predicted_ehull_rate_0_10,,22,0,22,,,,,,,missing required columns: predicted_energy_above_hull
global,C_mlip_stability,predicted_ehull_rate_0_15,,22,0,22,,,,,,,missing required columns: predicted_energy_above_hull
global,C_mlip_stability,predicted_metastable_rate_ehull_0_15,,22,0,22,,,,,,,missing required columns: predicted_energy_above_hull
global,C_mlip_stability,metastability_threshold,0.15,22,22,0,,,,,,eV/atom,
global,D_relaxation,relax_success_rate,,22,0,22,,,,,,,missing required columns: relax_ok
global,D_relaxation,median_energy_drop_per_atom,,22,0,22,,,,,,,missing required columns: energy_drop_per_atom
global,D_relaxation,median_max_force_before,,22,0,22,,,,,,,missing required columns: max_force_before
global,D_relaxation,median_max_force_after,,22,0,22,,,,,,,missing required columns: max_force_after
global,D_relaxation,force_threshold_success_rate_0_20,,22,0,22,,,,,,,missing required columns: max_force_after
global,D_relaxation,force_threshold_success_rate_0_10,,22,0,22,,,,,,,missing required columns: max_force_after
global,D_relaxation,rmse_improvement_rate,,22,0,22,,,,,,,"missing required columns: rms_dist_before, rms_dist_after"
global,D_relaxation,median_rmse_before,,22,0,22,,,,,,,missing required columns: rms_dist_before
global,D_relaxation,median_rmse_after,,22,0,22,,,,,,,missing required columns: rms_dist_after
global,D_relaxation,median_rmse_delta,,22,0,22,,,,,,,"missing required columns: rms_dist_before, rms_dist_after"
global,D_relaxation,rmse_improvement_after_relaxation,,22,0,22,,,,,,,"missing required columns: rms_dist_before, rms_dist_after"
global,D_relaxation,relaxed_rmse,,22,0,22,,,,,,,missing required columns: rms_dist_after
global,D_relaxation,structure_preservation_rate,,22,0,22,,,,,,,missing required columns: structure_match_after
global,D_relaxation,collapse_rate,,22,0,22,,,,,,,missing required columns: relax_error
global,E_novelty_sun,unique_rate,1.0,22,22,0,,,,,,,local uniqueness
global,E_novelty_sun,duplicate_rate,0.0,22,22,0,,,,,,,
global,E_novelty_sun,known_match_rate,,22,0,22,,,,,,,
global,E_novelty_sun,local_novelty_rate,,22,0,22,,,,,,,local novelty relative to supplied reference corpus
global,E_novelty_sun,novel_by_structure_matcher_rate,,22,0,22,,,,,,,
global,E_novelty_sun,sun_rate,,22,0,22,,,,,,,SUN uses local novelty and surrogate stability proxy
global,E_novelty_sun,sun_count,,22,0,22,,,,,,,SUN uses local novelty and surrogate stability proxy
group,A_validity,parse_validity_rate,1.0,22,22,0,,,,,,,
group,A_validity,composition_match_rate,1.0,22,22,0,,,,,,,
group,A_validity,pre_dft_validity_rate,0.8636363636363636,22,22,0,,,,,,,
group,A_validity,geometry_ok_rate,1.0,22,22,0,,,,,,,
group,A_validity,bond_reasonable_rate,0.8636363636363636,22,22,0,,,,,,,
group,A_validity,bad_contact_rate,0.13636363636363635,22,22,0,,,,,,,
group,A_validity,median_min_distance,1.9918584287042087,22,17,5,,,,,,,
group,A_validity,median_bad_contacts,0.0,22,22,0,,,,,,,
group,A_validity,hard_fail_count,3.0,22,22,0,,,,,,,
group,B_structure_reproduction,structure_match_rate,,22,0,22,,,,,,,missing required columns: structure_match
group,B_structure_reproduction,match_rate,,22,0,22,,,,,,,missing required columns: structure_match
group,B_structure_reproduction,anonymous_match_rate,,22,0,22,,,,,,,missing required columns: anonymous_match
group,B_structure_reproduction,supercell_match_rate,,22,0,22,,,,,,,missing required columns: supercell_match
group,B_structure_reproduction,mean_rms_dist,,22,0,22,,,,,,,missing required columns: rms_dist
group,B_structure_reproduction,median_rms_dist,,22,0,22,,,,,,,missing required columns: rms_dist
group,B_structure_reproduction,best_rms_dist,,22,0,22,,,,,,,missing required columns: rms_dist
group,B_structure_reproduction,mean_max_dist,,22,0,22,,,,,,,missing required columns: max_dist
group,B_structure_reproduction,structure_rmse,,22,0,22,,,,,,,missing required columns: rms_dist
group,B_structure_reproduction,structure_rmse_relaxed,,22,0,22,,,,,,,"missing required columns: rms_dist_after, relaxed_rms_dist"
group,B_structure_reproduction,match_rate_n1,,22,0,22,,,,,,,missing required columns: structure_match
group,B_structure_reproduction,match_rate_nk,,22,0,22,,,,,,,missing required columns: structure_match
group,C_mlip_stability,chgnet_ok_rate,1.0,22,22,0,,,,,,,
group,C_mlip_stability,m3gnet_ok_rate,1.0,22,22,0,,,,,,,
group,C_mlip_stability,mace_ok_rate,1.0,22,22,0,,,,,,,
group,C_mlip_stability,sevennet_ok_rate,1.0,22,22,0,,,,,,,
group,C_mlip_stability,mlip_ensemble_ok_rate,1.0,22,22,0,,,,,,,
group,C_mlip_stability,mlip_consensus_stable_rate,0.18181818181818182,22,22,0,,,,,,,
group,C_mlip_stability,mlip_disagreement_rate,0.8181818181818182,22,22,0,,,,,,,
group,C_mlip_stability,median_mlip_mean_energy,-2.988885998725891,22,22,0,,,,,,,
group,C_mlip_stability,median_mlip_energy_std,1.2731933335368386,22,22,0,,,,,,,
group,C_mlip_stability,median_mlip_max_force,2.6765640032235116,22,22,0,,,,,,,
group,C_mlip_stability,predicted_ehull_rate_0_00,,22,0,22,,,,,,,missing required columns: predicted_energy_above_hull
group,C_mlip_stability,predicted_ehull_rate_0_05,,22,0,22,,,,,,,missing required columns: predicted_energy_above_hull
group,C_mlip_stability,predicted_ehull_rate_0_10,,22,0,22,,,,,,,missing required columns: predicted_energy_above_hull
group,C_mlip_stability,predicted_ehull_rate_0_15,,22,0,22,,,,,,,missing required columns: predicted_energy_above_hull
group,C_mlip_stability,predicted_metastable_rate_ehull_0_15,,22,0,22,,,,,,,missing required columns: predicted_energy_above_hull
group,C_mlip_stability,metastability_threshold,0.15,22,22,0,,,,,,eV/atom,
group,D_relaxation,relax_success_rate,,22,0,22,,,,,,,missing required columns: relax_ok
group,D_relaxation,median_energy_drop_per_atom,,22,0,22,,,,,,,missing required columns: energy_drop_per_atom
group,D_relaxation,median_max_force_before,,22,0,22,,,,,,,missing required columns: max_force_before
group,D_relaxation,median_max_force_after,,22,0,22,,,,,,,missing required columns: max_force_after
group,D_relaxation,force_threshold_success_rate_0_20,,22,0,22,,,,,,,missing required columns: max_force_after
group,D_relaxation,force_threshold_success_rate_0_10,,22,0,22,,,,,,,missing required columns: max_force_after
group,D_relaxation,rmse_improvement_rate,,22,0,22,,,,,,,"missing required columns: rms_dist_before, rms_dist_after"
group,D_relaxation,median_rmse_before,,22,0,22,,,,,,,missing required columns: rms_dist_before
group,D_relaxation,median_rmse_after,,22,0,22,,,,,,,missing required columns: rms_dist_after
group,D_relaxation,median_rmse_delta,,22,0,22,,,,,,,"missing required columns: rms_dist_before, rms_dist_after"
group,D_relaxation,rmse_improvement_after_relaxation,,22,0,22,,,,,,,"missing required columns: rms_dist_before, rms_dist_after"
group,D_relaxation,relaxed_rmse,,22,0,22,,,,,,,missing required columns: rms_dist_after
group,D_relaxation,structure_preservation_rate,,22,0,22,,,,,,,missing required columns: structure_match_after
group,D_relaxation,collapse_rate,,22,0,22,,,,,,,missing required columns: relax_error
group,E_novelty_sun,unique_rate,1.0,22,22,0,,,,,,,local uniqueness
group,E_novelty_sun,duplicate_rate,0.0,22,22,0,,,,,,,
group,E_novelty_sun,known_match_rate,,22,0,22,,,,,,,
group,E_novelty_sun,local_novelty_rate,,22,0,22,,,,,,,local novelty relative to supplied reference corpus
group,E_novelty_sun,novel_by_structure_matcher_rate,,22,0,22,,,,,,,
group,E_novelty_sun,sun_rate,,22,0,22,,,,,,,SUN uses local novelty and surrogate stability proxy
group,E_novelty_sun,sun_count,,22,0,22,,,,,,,SUN uses local novelty and surrogate stability proxy
benchmark,A_validity,parse_validity_rate,1.0,1,1,0,,,,,,,
benchmark,A_validity,composition_match_rate,1.0,1,1,0,,,,,,,
benchmark,A_validity,pre_dft_validity_rate,1.0,1,1,0,,,,,,,
benchmark,A_validity,geometry_ok_rate,1.0,1,1,0,,,,,,,
benchmark,A_validity,bond_reasonable_rate,1.0,1,1,0,,,,,,,
benchmark,A_validity,bad_contact_rate,0.0,1,1,0,,,,,,,
benchmark,A_validity,median_min_distance,1.9918584287042085,1,1,0,,,,,,,
benchmark,A_validity,median_bad_contacts,0.0,1,1,0,,,,,,,
benchmark,A_validity,hard_fail_count,0.0,1,1,0,,,,,,,
benchmark,B_structure_reproduction,structure_match_rate,,1,0,1,,,,,,,missing required columns: structure_match
benchmark,B_structure_reproduction,match_rate,,1,0,1,,,,,,,missing required columns: structure_match
benchmark,B_structure_reproduction,anonymous_match_rate,,1,0,1,,,,,,,missing required columns: anonymous_match
benchmark,B_structure_reproduction,supercell_match_rate,,1,0,1,,,,,,,missing required columns: supercell_match
benchmark,B_structure_reproduction,mean_rms_dist,,1,0,1,,,,,,,missing required columns: rms_dist
benchmark,B_structure_reproduction,median_rms_dist,,1,0,1,,,,,,,missing required columns: rms_dist
benchmark,B_structure_reproduction,best_rms_dist,,1,0,1,,,,,,,missing required columns: rms_dist
benchmark,B_structure_reproduction,mean_max_dist,,1,0,1,,,,,,,missing required columns: max_dist
benchmark,B_structure_reproduction,structure_rmse,,1,0,1,,,,,,,missing required columns: rms_dist
benchmark,B_structure_reproduction,structure_rmse_relaxed,,1,0,1,,,,,,,"missing required columns: rms_dist_after, relaxed_rms_dist"
benchmark,B_structure_reproduction,match_rate_n1,,1,0,1,,,,,,,missing required columns: structure_match
benchmark,B_structure_reproduction,match_rate_nk,,1,0,1,,,,,,,missing required columns: structure_match
benchmark,C_mlip_stability,chgnet_ok_rate,1.0,1,1,0,,,,,,,
benchmark,C_mlip_stability,m3gnet_ok_rate,1.0,1,1,0,,,,,,,
benchmark,C_mlip_stability,mace_ok_rate,1.0,1,1,0,,,,,,,
benchmark,C_mlip_stability,sevennet_ok_rate,1.0,1,1,0,,,,,,,
benchmark,C_mlip_stability,mlip_ensemble_ok_rate,1.0,1,1,0,,,,,,,
benchmark,C_mlip_stability,mlip_consensus_stable_rate,0.0,1,1,0,,,,,,,
benchmark,C_mlip_stability,mlip_disagreement_rate,1.0,1,1,0,,,,,,,
benchmark,C_mlip_stability,median_mlip_mean_energy,-4.462722301483154,1,1,0,,,,,,,
benchmark,C_mlip_stability,median_mlip_energy_std,1.9236263178429576,1,1,0,,,,,,,
benchmark,C_mlip_stability,median_mlip_max_force,25.97041350903941,1,1,0,,,,,,,
benchmark,C_mlip_stability,predicted_ehull_rate_0_00,,1,0,1,,,,,,,missing required columns: predicted_energy_above_hull
benchmark,C_mlip_stability,predicted_ehull_rate_0_05,,1,0,1,,,,,,,missing required columns: predicted_energy_above_hull
benchmark,C_mlip_stability,predicted_ehull_rate_0_10,,1,0,1,,,,,,,missing required columns: predicted_energy_above_hull
benchmark,C_mlip_stability,predicted_ehull_rate_0_15,,1,0,1,,,,,,,missing required columns: predicted_energy_above_hull
benchmark,C_mlip_stability,predicted_metastable_rate_ehull_0_15,,1,0,1,,,,,,,missing required columns: predicted_energy_above_hull
benchmark,C_mlip_stability,metastability_threshold,0.15,1,1,0,,,,,,eV/atom,
benchmark,D_relaxation,relax_success_rate,,1,0,1,,,,,,,missing required columns: relax_ok
benchmark,D_relaxation,median_energy_drop_per_atom,,1,0,1,,,,,,,missing required columns: energy_drop_per_atom
benchmark,D_relaxation,median_max_force_before,,1,0,1,,,,,,,missing required columns: max_force_before
benchmark,D_relaxation,median_max_force_after,,1,0,1,,,,,,,missing required columns: max_force_after
benchmark,D_relaxation,force_threshold_success_rate_0_20,,1,0,1,,,,,,,missing required columns: max_force_after
benchmark,D_relaxation,force_threshold_success_rate_0_10,,1,0,1,,,,,,,missing required columns: max_force_after
benchmark,D_relaxation,rmse_improvement_rate,,1,0,1,,,,,,,"missing required columns: rms_dist_before, rms_dist_after"
benchmark,D_relaxation,median_rmse_before,,1,0,1,,,,,,,missing required columns: rms_dist_before
benchmark,D_relaxation,median_rmse_after,,1,0,1,,,,,,,missing required columns: rms_dist_after
benchmark,D_relaxation,median_rmse_delta,,1,0,1,,,,,,,"missing required columns: rms_dist_before, rms_dist_after"
benchmark,D_relaxation,rmse_improvement_after_relaxation,,1,0,1,,,,,,,"missing required columns: rms_dist_before, rms_dist_after"
benchmark,D_relaxation,relaxed_rmse,,1,0,1,,,,,,,missing required columns: rms_dist_after
benchmark,D_relaxation,structure_preservation_rate,,1,0,1,,,,,,,missing required columns: structure_match_after
benchmark,D_relaxation,collapse_rate,,1,0,1,,,,,,,missing required columns: relax_error
benchmark,E_novelty_sun,unique_rate,1.0,1,1,0,,,,,,,local uniqueness
benchmark,E_novelty_sun,duplicate_rate,0.0,1,1,0,,,,,,,
benchmark,E_novelty_sun,known_match_rate,,1,0,1,,,,,,,
benchmark,E_novelty_sun,local_novelty_rate,,1,0,1,,,,,,,local novelty relative to supplied reference corpus
benchmark,E_novelty_sun,novel_by_structure_matcher_rate,,1,0,1,,,,,,,
benchmark,E_novelty_sun,sun_rate,,1,0,1,,,,,,,SUN uses local novelty and surrogate stability proxy
benchmark,E_novelty_sun,sun_count,,1,0,1,,,,,,,SUN uses local novelty and surrogate stability proxy
benchmark,A_validity,parse_validity_rate,1.0,1,1,0,,,,,,,
benchmark,A_validity,composition_match_rate,1.0,1,1,0,,,,,,,
benchmark,A_validity,pre_dft_validity_rate,1.0,1,1,0,,,,,,,
benchmark,A_validity,geometry_ok_rate,1.0,1,1,0,,,,,,,
benchmark,A_validity,bond_reasonable_rate,1.0,1,1,0,,,,,,,
benchmark,A_validity,bad_contact_rate,0.0,1,1,0,,,,,,,
benchmark,A_validity,median_min_distance,2.3,1,1,0,,,,,,,
benchmark,A_validity,median_bad_contacts,0.0,1,1,0,,,,,,,
benchmark,A_validity,hard_fail_count,0.0,1,1,0,,,,,,,
benchmark,B_structure_reproduction,structure_match_rate,,1,0,1,,,,,,,missing required columns: structure_match
benchmark,B_structure_reproduction,match_rate,,1,0,1,,,,,,,missing required columns: structure_match
benchmark,B_structure_reproduction,anonymous_match_rate,,1,0,1,,,,,,,missing required columns: anonymous_match
benchmark,B_structure_reproduction,supercell_match_rate,,1,0,1,,,,,,,missing required columns: supercell_match
benchmark,B_structure_reproduction,mean_rms_dist,,1,0,1,,,,,,,missing required columns: rms_dist
benchmark,B_structure_reproduction,median_rms_dist,,1,0,1,,,,,,,missing required columns: rms_dist
benchmark,B_structure_reproduction,best_rms_dist,,1,0,1,,,,,,,missing required columns: rms_dist
benchmark,B_structure_reproduction,mean_max_dist,,1,0,1,,,,,,,missing required columns: max_dist
benchmark,B_structure_reproduction,structure_rmse,,1,0,1,,,,,,,missing required columns: rms_dist
benchmark,B_structure_reproduction,structure_rmse_relaxed,,1,0,1,,,,,,,"missing required columns: rms_dist_after, relaxed_rms_dist"
benchmark,B_structure_reproduction,match_rate_n1,,1,0,1,,,,,,,missing required columns: structure_match
benchmark,B_structure_reproduction,match_rate_nk,,1,0,1,,,,,,,missing required columns: structure_match
benchmark,C_mlip_stability,chgnet_ok_rate,1.0,1,1,0,,,,,,,
benchmark,C_mlip_stability,m3gnet_ok_rate,1.0,1,1,0,,,,,,,
benchmark,C_mlip_stability,mace_ok_rate,1.0,1,1,0,,,,,,,
benchmark,C_mlip_stability,sevennet_ok_rate,1.0,1,1,0,,,,,,,
benchmark,C_mlip_stability,mlip_ensemble_ok_rate,1.0,1,1,0,,,,,,,
benchmark,C_mlip_stability,mlip_consensus_stable_rate,0.0,1,1,0,,,,,,,
benchmark,C_mlip_stability,mlip_disagreement_rate,1.0,1,1,0,,,,,,,
benchmark,C_mlip_stability,median_mlip_mean_energy,-4.3567416906356815,1,1,0,,,,,,,
benchmark,C_mlip_stability,median_mlip_energy_std,1.84783633552983,1,1,0,,,,,,,
benchmark,C_mlip_stability,median_mlip_max_force,0.0072031349100839,1,1,0,,,,,,,
benchmark,C_mlip_stability,predicted_ehull_rate_0_00,,1,0,1,,,,,,,missing required columns: predicted_energy_above_hull
benchmark,C_mlip_stability,predicted_ehull_rate_0_05,,1,0,1,,,,,,,missing required columns: predicted_energy_above_hull
benchmark,C_mlip_stability,predicted_ehull_rate_0_10,,1,0,1,,,,,,,missing required columns: predicted_energy_above_hull
benchmark,C_mlip_stability,predicted_ehull_rate_0_15,,1,0,1,,,,,,,missing required columns: predicted_energy_above_hull
benchmark,C_mlip_stability,predicted_metastable_rate_ehull_0_15,,1,0,1,,,,,,,missing required columns: predicted_energy_above_hull
benchmark,C_mlip_stability,metastability_threshold,0.15,1,1,0,,,,,,eV/atom,
benchmark,D_relaxation,relax_success_rate,,1,0,1,,,,,,,missing required columns: relax_ok
benchmark,D_relaxation,median_energy_drop_per_atom,,1,0,1,,,,,,,missing required columns: energy_drop_per_atom
benchmark,D_relaxation,median_max_force_before,,1,0,1,,,,,,,missing required columns: max_force_before
benchmark,D_relaxation,median_max_force_after,,1,0,1,,,,,,,missing required columns: max_force_after
benchmark,D_relaxation,force_threshold_success_rate_0_20,,1,0,1,,,,,,,missing required columns: max_force_after
benchmark,D_relaxation,force_threshold_success_rate_0_10,,1,0,1,,,,,,,missing required columns: max_force_after
benchmark,D_relaxation,rmse_improvement_rate,,1,0,1,,,,,,,"missing required columns: rms_dist_before, rms_dist_after"
benchmark,D_relaxation,median_rmse_before,,1,0,1,,,,,,,missing required columns: rms_dist_before
benchmark,D_relaxation,median_rmse_after,,1,0,1,,,,,,,missing required columns: rms_dist_after
benchmark,D_relaxation,median_rmse_delta,,1,0,1,,,,,,,"missing required columns: rms_dist_before, rms_dist_after"
benchmark,D_relaxation,rmse_improvement_after_relaxation,,1,0,1,,,,,,,"missing required columns: rms_dist_before, rms_dist_after"
benchmark,D_relaxation,relaxed_rmse,,1,0,1,,,,,,,missing required columns: rms_dist_after
benchmark,D_relaxation,structure_preservation_rate,,1,0,1,,,,,,,missing required columns: structure_match_after
benchmark,D_relaxation,collapse_rate,,1,0,1,,,,,,,missing required columns: relax_error
benchmark,E_novelty_sun,unique_rate,1.0,1,1,0,,,,,,,local uniqueness
benchmark,E_novelty_sun,duplicate_rate,0.0,1,1,0,,,,,,,
benchmark,E_novelty_sun,known_match_rate,,1,0,1,,,,,,,
benchmark,E_novelty_sun,local_novelty_rate,,1,0,1,,,,,,,local novelty relative to supplied reference corpus
benchmark,E_novelty_sun,novel_by_structure_matcher_rate,,1,0,1,,,,,,,
benchmark,E_novelty_sun,sun_rate,,1,0,1,,,,,,,SUN uses local novelty and surrogate stability proxy
benchmark,E_novelty_sun,sun_count,,1,0,1,,,,,,,SUN uses local novelty and surrogate stability proxy
benchmark,A_validity,parse_validity_rate,1.0,1,1,0,,,,,,,
benchmark,A_validity,composition_match_rate,1.0,1,1,0,,,,,,,
benchmark,A_validity,pre_dft_validity_rate,0.0,1,1,0,,,,,,,
benchmark,A_validity,geometry_ok_rate,1.0,1,1,0,,,,,,,
benchmark,A_validity,bond_reasonable_rate,0.0,1,1,0,,,,,,,
benchmark,A_validity,bad_contact_rate,1.0,1,1,0,,,,,,,
benchmark,A_validity,median_min_distance,1.15,1,1,0,,,,,,,
benchmark,A_validity,median_bad_contacts,2.0,1,1,0,,,,,,,
benchmark,A_validity,hard_fail_count,1.0,1,1,0,,,,,,,
benchmark,B_structure_reproduction,structure_match_rate,,1,0,1,,,,,,,missing required columns: structure_match
benchmark,B_structure_reproduction,match_rate,,1,0,1,,,,,,,missing required columns: structure_match
benchmark,B_structure_reproduction,anonymous_match_rate,,1,0,1,,,,,,,missing required columns: anonymous_match
benchmark,B_structure_reproduction,supercell_match_rate,,1,0,1,,,,,,,missing required columns: supercell_match
benchmark,B_structure_reproduction,mean_rms_dist,,1,0,1,,,,,,,missing required columns: rms_dist
benchmark,B_structure_reproduction,median_rms_dist,,1,0,1,,,,,,,missing required columns: rms_dist
benchmark,B_structure_reproduction,best_rms_dist,,1,0,1,,,,,,,missing required columns: rms_dist
benchmark,B_structure_reproduction,mean_max_dist,,1,0,1,,,,,,,missing required columns: max_dist
benchmark,B_structure_reproduction,structure_rmse,,1,0,1,,,,,,,missing required columns: rms_dist
benchmark,B_structure_reproduction,structure_rmse_relaxed,,1,0,1,,,,,,,"missing required columns: rms_dist_after, relaxed_rms_dist"
benchmark,B_structure_reproduction,match_rate_n1,,1,0,1,,,,,,,missing required columns: structure_match
benchmark,B_structure_reproduction,match_rate_nk,,1,0,1,,,,,,,missing required columns: structure_match
benchmark,C_mlip_stability,chgnet_ok_rate,1.0,1,1,0,,,,,,,
benchmark,C_mlip_stability,m3gnet_ok_rate,1.0,1,1,0,,,,,,,
benchmark,C_mlip_stability,mace_ok_rate,1.0,1,1,0,,,,,,,
benchmark,C_mlip_stability,sevennet_ok_rate,1.0,1,1,0,,,,,,,
benchmark,C_mlip_stability,mlip_ensemble_ok_rate,1.0,1,1,0,,,,,,,
benchmark,C_mlip_stability,mlip_consensus_stable_rate,0.0,1,1,0,,,,,,,
benchmark,C_mlip_stability,mlip_disagreement_rate,1.0,1,1,0,,,,,,,
benchmark,C_mlip_stability,median_mlip_mean_energy,15.280773719151814,1,1,0,,,,,,,
benchmark,C_mlip_stability,median_mlip_energy_std,11.41938601829536,1,1,0,,,,,,,
benchmark,C_mlip_stability,median_mlip_max_force,403.8628540039063,1,1,0,,,,,,,
benchmark,C_mlip_stability,predicted_ehull_rate_0_00,,1,0,1,,,,,,,missing required columns: predicted_energy_above_hull
benchmark,C_mlip_stability,predicted_ehull_rate_0_05,,1,0,1,,,,,,,missing required columns: predicted_energy_above_hull
benchmark,C_mlip_stability,predicted_ehull_rate_0_10,,1,0,1,,,,,,,missing required columns: predicted_energy_above_hull
benchmark,C_mlip_stability,predicted_ehull_rate_0_15,,1,0,1,,,,,,,missing required columns: predicted_energy_above_hull
benchmark,C_mlip_stability,predicted_metastable_rate_ehull_0_15,,1,0,1,,,,,,,missing required columns: predicted_energy_above_hull
benchmark,C_mlip_stability,metastability_threshold,0.15,1,1,0,,,,,,eV/atom,
benchmark,D_relaxation,relax_success_rate,,1,0,1,,,,,,,missing required columns: relax_ok
benchmark,D_relaxation,median_energy_drop_per_atom,,1,0,1,,,,,,,missing required columns: energy_drop_per_atom
benchmark,D_relaxation,median_max_force_before,,1,0,1,,,,,,,missing required columns: max_force_before
benchmark,D_relaxation,median_max_force_after,,1,0,1,,,,,,,missing required columns: max_force_after
benchmark,D_relaxation,force_threshold_success_rate_0_20,,1,0,1,,,,,,,missing required columns: max_force_after
benchmark,D_relaxation,force_threshold_success_rate_0_10,,1,0,1,,,,,,,missing required columns: max_force_after
benchmark,D_relaxation,rmse_improvement_rate,,1,0,1,,,,,,,"missing required columns: rms_dist_before, rms_dist_after"
benchmark,D_relaxation,median_rmse_before,,1,0,1,,,,,,,missing required columns: rms_dist_before
benchmark,D_relaxation,median_rmse_after,,1,0,1,,,,,,,missing required columns: rms_dist_after
benchmark,D_relaxation,median_rmse_delta,,1,0,1,,,,,,,"missing required columns: rms_dist_before, rms_dist_after"
benchmark,D_relaxation,rmse_improvement_after_relaxation,,1,0,1,,,,,,,"missing required columns: rms_dist_before, rms_dist_after"
benchmark,D_relaxation,relaxed_rmse,,1,0,1,,,,,,,missing required columns: rms_dist_after
benchmark,D_relaxation,structure_preservation_rate,,1,0,1,,,,,,,missing required columns: structure_match_after
benchmark,D_relaxation,collapse_rate,,1,0,1,,,,,,,missing required columns: relax_error
benchmark,E_novelty_sun,unique_rate,1.0,1,1,0,,,,,,,local uniqueness
benchmark,E_novelty_sun,duplicate_rate,0.0,1,1,0,,,,,,,
benchmark,E_novelty_sun,known_match_rate,,1,0,1,,,,,,,
benchmark,E_novelty_sun,local_novelty_rate,,1,0,1,,,,,,,local novelty relative to supplied reference corpus
benchmark,E_novelty_sun,novel_by_structure_matcher_rate,,1,0,1,,,,,,,
benchmark,E_novelty_sun,sun_rate,,1,0,1,,,,,,,SUN uses local novelty and surrogate stability proxy
benchmark,E_novelty_sun,sun_count,,1,0,1,,,,,,,SUN uses local novelty and surrogate stability proxy
benchmark,A_validity,parse_validity_rate,1.0,1,1,0,,,,,,,
benchmark,A_validity,composition_match_rate,1.0,1,1,0,,,,,,,
benchmark,A_validity,pre_dft_validity_rate,1.0,1,1,0,,,,,,,
benchmark,A_validity,geometry_ok_rate,1.0,1,1,0,,,,,,,
benchmark,A_validity,bond_reasonable_rate,1.0,1,1,0,,,,,,,
benchmark,A_validity,bad_contact_rate,0.0,1,1,0,,,,,,,
benchmark,A_validity,median_min_distance,,1,0,1,,,,,,,
benchmark,A_validity,median_bad_contacts,0.0,1,1,0,,,,,,,
benchmark,A_validity,hard_fail_count,0.0,1,1,0,,,,,,,
benchmark,B_structure_reproduction,structure_match_rate,,1,0,1,,,,,,,missing required columns: structure_match
benchmark,B_structure_reproduction,match_rate,,1,0,1,,,,,,,missing required columns: structure_match
benchmark,B_structure_reproduction,anonymous_match_rate,,1,0,1,,,,,,,missing required columns: anonymous_match
benchmark,B_structure_reproduction,supercell_match_rate,,1,0,1,,,,,,,missing required columns: supercell_match
benchmark,B_structure_reproduction,mean_rms_dist,,1,0,1,,,,,,,missing required columns: rms_dist
benchmark,B_structure_reproduction,median_rms_dist,,1,0,1,,,,,,,missing required columns: rms_dist
benchmark,B_structure_reproduction,best_rms_dist,,1,0,1,,,,,,,missing required columns: rms_dist
benchmark,B_structure_reproduction,mean_max_dist,,1,0,1,,,,,,,missing required columns: max_dist
benchmark,B_structure_reproduction,structure_rmse,,1,0,1,,,,,,,missing required columns: rms_dist
benchmark,B_structure_reproduction,structure_rmse_relaxed,,1,0,1,,,,,,,"missing required columns: rms_dist_after, relaxed_rms_dist"
benchmark,B_structure_reproduction,match_rate_n1,,1,0,1,,,,,,,missing required columns: structure_match
benchmark,B_structure_reproduction,match_rate_nk,,1,0,1,,,,,,,missing required columns: structure_match
benchmark,C_mlip_stability,chgnet_ok_rate,1.0,1,1,0,,,,,,,
benchmark,C_mlip_stability,m3gnet_ok_rate,1.0,1,1,0,,,,,,,
benchmark,C_mlip_stability,mace_ok_rate,1.0,1,1,0,,,,,,,
benchmark,C_mlip_stability,sevennet_ok_rate,1.0,1,1,0,,,,,,,
benchmark,C_mlip_stability,mlip_ensemble_ok_rate,1.0,1,1,0,,,,,,,
benchmark,C_mlip_stability,mlip_consensus_stable_rate,1.0,1,1,0,,,,,,,
benchmark,C_mlip_stability,mlip_disagreement_rate,0.0,1,1,0,,,,,,,
benchmark,C_mlip_stability,median_mlip_mean_energy,-2.22109916806221,1,1,0,,,,,,,
benchmark,C_mlip_stability,median_mlip_energy_std,0.4116078786102827,1,1,0,,,,,,,
benchmark,C_mlip_stability,median_mlip_max_force,9.452454707297585e-08,1,1,0,,,,,,,
benchmark,C_mlip_stability,predicted_ehull_rate_0_00,,1,0,1,,,,,,,missing required columns: predicted_energy_above_hull
benchmark,C_mlip_stability,predicted_ehull_rate_0_05,,1,0,1,,,,,,,missing required columns: predicted_energy_above_hull
benchmark,C_mlip_stability,predicted_ehull_rate_0_10,,1,0,1,,,,,,,missing required columns: predicted_energy_above_hull
benchmark,C_mlip_stability,predicted_ehull_rate_0_15,,1,0,1,,,,,,,missing required columns: predicted_energy_above_hull
benchmark,C_mlip_stability,predicted_metastable_rate_ehull_0_15,,1,0,1,,,,,,,missing required columns: predicted_energy_above_hull
benchmark,C_mlip_stability,metastability_threshold,0.15,1,1,0,,,,,,eV/atom,
benchmark,D_relaxation,relax_success_rate,,1,0,1,,,,,,,missing required columns: relax_ok
benchmark,D_relaxation,median_energy_drop_per_atom,,1,0,1,,,,,,,missing required columns: energy_drop_per_atom
benchmark,D_relaxation,median_max_force_before,,1,0,1,,,,,,,missing required columns: max_force_before
benchmark,D_relaxation,median_max_force_after,,1,0,1,,,,,,,missing required columns: max_force_after
benchmark,D_relaxation,force_threshold_success_rate_0_20,,1,0,1,,,,,,,missing required columns: max_force_after
benchmark,D_relaxation,force_threshold_success_rate_0_10,,1,0,1,,,,,,,missing required columns: max_force_after
benchmark,D_relaxation,rmse_improvement_rate,,1,0,1,,,,,,,"missing required columns: rms_dist_before, rms_dist_after"
benchmark,D_relaxation,median_rmse_before,,1,0,1,,,,,,,missing required columns: rms_dist_before
benchmark,D_relaxation,median_rmse_after,,1,0,1,,,,,,,missing required columns: rms_dist_after
benchmark,D_relaxation,median_rmse_delta,,1,0,1,,,,,,,"missing required columns: rms_dist_before, rms_dist_after"
benchmark,D_relaxation,rmse_improvement_after_relaxation,,1,0,1,,,,,,,"missing required columns: rms_dist_before, rms_dist_after"
benchmark,D_relaxation,relaxed_rmse,,1,0,1,,,,,,,missing required columns: rms_dist_after
benchmark,D_relaxation,structure_preservation_rate,,1,0,1,,,,,,,missing required columns: structure_match_after
benchmark,D_relaxation,collapse_rate,,1,0,1,,,,,,,missing required columns: relax_error
benchmark,E_novelty_sun,unique_rate,1.0,1,1,0,,,,,,,local uniqueness
benchmark,E_novelty_sun,duplicate_rate,0.0,1,1,0,,,,,,,
benchmark,E_novelty_sun,known_match_rate,,1,0,1,,,,,,,
benchmark,E_novelty_sun,local_novelty_rate,,1,0,1,,,,,,,local novelty relative to supplied reference corpus
benchmark,E_novelty_sun,novel_by_structure_matcher_rate,,1,0,1,,,,,,,
benchmark,E_novelty_sun,sun_rate,,1,0,1,,,,,,,SUN uses local novelty and surrogate stability proxy
benchmark,E_novelty_sun,sun_count,,1,0,1,,,,,,,SUN uses local novelty and surrogate stability proxy
benchmark,A_validity,parse_validity_rate,1.0,1,1,0,,,,,,,
benchmark,A_validity,composition_match_rate,1.0,1,1,0,,,,,,,
benchmark,A_validity,pre_dft_validity_rate,1.0,1,1,0,,,,,,,
benchmark,A_validity,geometry_ok_rate,1.0,1,1,0,,,,,,,
benchmark,A_validity,bond_reasonable_rate,1.0,1,1,0,,,,,,,
benchmark,A_validity,bad_contact_rate,0.0,1,1,0,,,,,,,
benchmark,A_validity,median_min_distance,,1,0,1,,,,,,,
benchmark,A_validity,median_bad_contacts,0.0,1,1,0,,,,,,,
benchmark,A_validity,hard_fail_count,0.0,1,1,0,,,,,,,
benchmark,B_structure_reproduction,structure_match_rate,,1,0,1,,,,,,,missing required columns: structure_match
benchmark,B_structure_reproduction,match_rate,,1,0,1,,,,,,,missing required columns: structure_match
benchmark,B_structure_reproduction,anonymous_match_rate,,1,0,1,,,,,,,missing required columns: anonymous_match
benchmark,B_structure_reproduction,supercell_match_rate,,1,0,1,,,,,,,missing required columns: supercell_match
benchmark,B_structure_reproduction,mean_rms_dist,,1,0,1,,,,,,,missing required columns: rms_dist
benchmark,B_structure_reproduction,median_rms_dist,,1,0,1,,,,,,,missing required columns: rms_dist
benchmark,B_structure_reproduction,best_rms_dist,,1,0,1,,,,,,,missing required columns: rms_dist
benchmark,B_structure_reproduction,mean_max_dist,,1,0,1,,,,,,,missing required columns: max_dist
benchmark,B_structure_reproduction,structure_rmse,,1,0,1,,,,,,,missing required columns: rms_dist
benchmark,B_structure_reproduction,structure_rmse_relaxed,,1,0,1,,,,,,,"missing required columns: rms_dist_after, relaxed_rms_dist"
benchmark,B_structure_reproduction,match_rate_n1,,1,0,1,,,,,,,missing required columns: structure_match
benchmark,B_structure_reproduction,match_rate_nk,,1,0,1,,,,,,,missing required columns: structure_match
benchmark,C_mlip_stability,chgnet_ok_rate,1.0,1,1,0,,,,,,,
benchmark,C_mlip_stability,m3gnet_ok_rate,1.0,1,1,0,,,,,,,
benchmark,C_mlip_stability,mace_ok_rate,1.0,1,1,0,,,,,,,
benchmark,C_mlip_stability,sevennet_ok_rate,1.0,1,1,0,,,,,,,
benchmark,C_mlip_stability,mlip_ensemble_ok_rate,1.0,1,1,0,,,,,,,
benchmark,C_mlip_stability,mlip_consensus_stable_rate,1.0,1,1,0,,,,,,,
benchmark,C_mlip_stability,mlip_disagreement_rate,0.0,1,1,0,,,,,,,
benchmark,C_mlip_stability,median_mlip_mean_energy,-2.294715702533722,1,1,0,,,,,,,
benchmark,C_mlip_stability,median_mlip_energy_std,0.4678555159060772,1,1,0,,,,,,,
benchmark,C_mlip_stability,median_mlip_max_force,5.880300900446005e-07,1,1,0,,,,,,,
benchmark,C_mlip_stability,predicted_ehull_rate_0_00,,1,0,1,,,,,,,missing required columns: predicted_energy_above_hull
benchmark,C_mlip_stability,predicted_ehull_rate_0_05,,1,0,1,,,,,,,missing required columns: predicted_energy_above_hull
benchmark,C_mlip_stability,predicted_ehull_rate_0_10,,1,0,1,,,,,,,missing required columns: predicted_energy_above_hull
benchmark,C_mlip_stability,predicted_ehull_rate_0_15,,1,0,1,,,,,,,missing required columns: predicted_energy_above_hull
benchmark,C_mlip_stability,predicted_metastable_rate_ehull_0_15,,1,0,1,,,,,,,missing required columns: predicted_energy_above_hull
benchmark,C_mlip_stability,metastability_threshold,0.15,1,1,0,,,,,,eV/atom,
benchmark,D_relaxation,relax_success_rate,,1,0,1,,,,,,,missing required columns: relax_ok
benchmark,D_relaxation,median_energy_drop_per_atom,,1,0,1,,,,,,,missing required columns: energy_drop_per_atom
benchmark,D_relaxation,median_max_force_before,,1,0,1,,,,,,,missing required columns: max_force_before
benchmark,D_relaxation,median_max_force_after,,1,0,1,,,,,,,missing required columns: max_force_after
benchmark,D_relaxation,force_threshold_success_rate_0_20,,1,0,1,,,,,,,missing required columns: max_force_after
benchmark,D_relaxation,force_threshold_success_rate_0_10,,1,0,1,,,,,,,missing required columns: max_force_after
benchmark,D_relaxation,rmse_improvement_rate,,1,0,1,,,,,,,"missing required columns: rms_dist_before, rms_dist_after"
benchmark,D_relaxation,median_rmse_before,,1,0,1,,,,,,,missing required columns: rms_dist_before
benchmark,D_relaxation,median_rmse_after,,1,0,1,,,,,,,missing required columns: rms_dist_after
benchmark,D_relaxation,median_rmse_delta,,1,0,1,,,,,,,"missing required columns: rms_dist_before, rms_dist_after"
benchmark,D_relaxation,rmse_improvement_after_relaxation,,1,0,1,,,,,,,"missing required columns: rms_dist_before, rms_dist_after"
benchmark,D_relaxation,relaxed_rmse,,1,0,1,,,,,,,missing required columns: rms_dist_after
benchmark,D_relaxation,structure_preservation_rate,,1,0,1,,,,,,,missing required columns: structure_match_after
benchmark,D_relaxation,collapse_rate,,1,0,1,,,,,,,missing required columns: relax_error
benchmark,E_novelty_sun,unique_rate,1.0,1,1,0,,,,,,,local uniqueness
benchmark,E_novelty_sun,duplicate_rate,0.0,1,1,0,,,,,,,
benchmark,E_novelty_sun,known_match_rate,,1,0,1,,,,,,,
benchmark,E_novelty_sun,local_novelty_rate,,1,0,1,,,,,,,local novelty relative to supplied reference corpus
benchmark,E_novelty_sun,novel_by_structure_matcher_rate,,1,0,1,,,,,,,
benchmark,E_novelty_sun,sun_rate,,1,0,1,,,,,,,SUN uses local novelty and surrogate stability proxy
benchmark,E_novelty_sun,sun_count,,1,0,1,,,,,,,SUN uses local novelty and surrogate stability proxy
benchmark,A_validity,parse_validity_rate,1.0,1,1,0,,,,,,,
benchmark,A_validity,composition_match_rate,1.0,1,1,0,,,,,,,
benchmark,A_validity,pre_dft_validity_rate,1.0,1,1,0,,,,,,,
benchmark,A_validity,geometry_ok_rate,1.0,1,1,0,,,,,,,
benchmark,A_validity,bond_reasonable_rate,1.0,1,1,0,,,,,,,
benchmark,A_validity,bad_contact_rate,0.0,1,1,0,,,,,,,
benchmark,A_validity,median_min_distance,2.816913204200655,1,1,0,,,,,,,
benchmark,A_validity,median_bad_contacts,0.0,1,1,0,,,,,,,
benchmark,A_validity,hard_fail_count,0.0,1,1,0,,,,,,,
benchmark,B_structure_reproduction,structure_match_rate,,1,0,1,,,,,,,missing required columns: structure_match
benchmark,B_structure_reproduction,match_rate,,1,0,1,,,,,,,missing required columns: structure_match
benchmark,B_structure_reproduction,anonymous_match_rate,,1,0,1,,,,,,,missing required columns: anonymous_match
benchmark,B_structure_reproduction,supercell_match_rate,,1,0,1,,,,,,,missing required columns: supercell_match
benchmark,B_structure_reproduction,mean_rms_dist,,1,0,1,,,,,,,missing required columns: rms_dist
benchmark,B_structure_reproduction,median_rms_dist,,1,0,1,,,,,,,missing required columns: rms_dist
benchmark,B_structure_reproduction,best_rms_dist,,1,0,1,,,,,,,missing required columns: rms_dist
benchmark,B_structure_reproduction,mean_max_dist,,1,0,1,,,,,,,missing required columns: max_dist
benchmark,B_structure_reproduction,structure_rmse,,1,0,1,,,,,,,missing required columns: rms_dist
benchmark,B_structure_reproduction,structure_rmse_relaxed,,1,0,1,,,,,,,"missing required columns: rms_dist_after, relaxed_rms_dist"
benchmark,B_structure_reproduction,match_rate_n1,,1,0,1,,,,,,,missing required columns: structure_match
benchmark,B_structure_reproduction,match_rate_nk,,1,0,1,,,,,,,missing required columns: structure_match
benchmark,C_mlip_stability,chgnet_ok_rate,1.0,1,1,0,,,,,,,
benchmark,C_mlip_stability,m3gnet_ok_rate,1.0,1,1,0,,,,,,,
benchmark,C_mlip_stability,mace_ok_rate,1.0,1,1,0,,,,,,,
benchmark,C_mlip_stability,sevennet_ok_rate,1.0,1,1,0,,,,,,,
benchmark,C_mlip_stability,mlip_ensemble_ok_rate,1.0,1,1,0,,,,,,,
benchmark,C_mlip_stability,mlip_consensus_stable_rate,0.0,1,1,0,,,,,,,
benchmark,C_mlip_stability,mlip_disagreement_rate,1.0,1,1,0,,,,,,,
benchmark,C_mlip_stability,median_mlip_mean_energy,-2.5924935340881348,1,1,0,,,,,,,
benchmark,C_mlip_stability,median_mlip_energy_std,0.5638257544400505,1,1,0,,,,,,,
benchmark,C_mlip_stability,median_mlip_max_force,0.459614270070563,1,1,0,,,,,,,
benchmark,C_mlip_stability,predicted_ehull_rate_0_00,,1,0,1,,,,,,,missing required columns: predicted_energy_above_hull
benchmark,C_mlip_stability,predicted_ehull_rate_0_05,,1,0,1,,,,,,,missing required columns: predicted_energy_above_hull
benchmark,C_mlip_stability,predicted_ehull_rate_0_10,,1,0,1,,,,,,,missing required columns: predicted_energy_above_hull
benchmark,C_mlip_stability,predicted_ehull_rate_0_15,,1,0,1,,,,,,,missing required columns: predicted_energy_above_hull
benchmark,C_mlip_stability,predicted_metastable_rate_ehull_0_15,,1,0,1,,,,,,,missing required columns: predicted_energy_above_hull
benchmark,C_mlip_stability,metastability_threshold,0.15,1,1,0,,,,,,eV/atom,
benchmark,D_relaxation,relax_success_rate,,1,0,1,,,,,,,missing required columns: relax_ok
benchmark,D_relaxation,median_energy_drop_per_atom,,1,0,1,,,,,,,missing required columns: energy_drop_per_atom
benchmark,D_relaxation,median_max_force_before,,1,0,1,,,,,,,missing required columns: max_force_before
benchmark,D_relaxation,median_max_force_after,,1,0,1,,,,,,,missing required columns: max_force_after
benchmark,D_relaxation,force_threshold_success_rate_0_20,,1,0,1,,,,,,,missing required columns: max_force_after
benchmark,D_relaxation,force_threshold_success_rate_0_10,,1,0,1,,,,,,,missing required columns: max_force_after
benchmark,D_relaxation,rmse_improvement_rate,,1,0,1,,,,,,,"missing required columns: rms_dist_before, rms_dist_after"
benchmark,D_relaxation,median_rmse_before,,1,0,1,,,,,,,missing required columns: rms_dist_before
benchmark,D_relaxation,median_rmse_after,,1,0,1,,,,,,,missing required columns: rms_dist_after
benchmark,D_relaxation,median_rmse_delta,,1,0,1,,,,,,,"missing required columns: rms_dist_before, rms_dist_after"
benchmark,D_relaxation,rmse_improvement_after_relaxation,,1,0,1,,,,,,,"missing required columns: rms_dist_before, rms_dist_after"
benchmark,D_relaxation,relaxed_rmse,,1,0,1,,,,,,,missing required columns: rms_dist_after
benchmark,D_relaxation,structure_preservation_rate,,1,0,1,,,,,,,missing required columns: structure_match_after
benchmark,D_relaxation,collapse_rate,,1,0,1,,,,,,,missing required columns: relax_error
benchmark,E_novelty_sun,unique_rate,1.0,1,1,0,,,,,,,local uniqueness
benchmark,E_novelty_sun,duplicate_rate,0.0,1,1,0,,,,,,,
benchmark,E_novelty_sun,known_match_rate,,1,0,1,,,,,,,
benchmark,E_novelty_sun,local_novelty_rate,,1,0,1,,,,,,,local novelty relative to supplied reference corpus
benchmark,E_novelty_sun,novel_by_structure_matcher_rate,,1,0,1,,,,,,,
benchmark,E_novelty_sun,sun_rate,,1,0,1,,,,,,,SUN uses local novelty and surrogate stability proxy
benchmark,E_novelty_sun,sun_count,,1,0,1,,,,,,,SUN uses local novelty and surrogate stability proxy
benchmark,A_validity,parse_validity_rate,1.0,1,1,0,,,,,,,
benchmark,A_validity,composition_match_rate,1.0,1,1,0,,,,,,,
benchmark,A_validity,pre_dft_validity_rate,1.0,1,1,0,,,,,,,
benchmark,A_validity,geometry_ok_rate,1.0,1,1,0,,,,,,,
benchmark,A_validity,bond_reasonable_rate,1.0,1,1,0,,,,,,,
benchmark,A_validity,bad_contact_rate,0.0,1,1,0,,,,,,,
benchmark,A_validity,median_min_distance,,1,0,1,,,,,,,
benchmark,A_validity,median_bad_contacts,0.0,1,1,0,,,,,,,
benchmark,A_validity,hard_fail_count,0.0,1,1,0,,,,,,,
benchmark,B_structure_reproduction,structure_match_rate,,1,0,1,,,,,,,missing required columns: structure_match
benchmark,B_structure_reproduction,match_rate,,1,0,1,,,,,,,missing required columns: structure_match
benchmark,B_structure_reproduction,anonymous_match_rate,,1,0,1,,,,,,,missing required columns: anonymous_match
benchmark,B_structure_reproduction,supercell_match_rate,,1,0,1,,,,,,,missing required columns: supercell_match
benchmark,B_structure_reproduction,mean_rms_dist,,1,0,1,,,,,,,missing required columns: rms_dist
benchmark,B_structure_reproduction,median_rms_dist,,1,0,1,,,,,,,missing required columns: rms_dist
benchmark,B_structure_reproduction,best_rms_dist,,1,0,1,,,,,,,missing required columns: rms_dist
benchmark,B_structure_reproduction,mean_max_dist,,1,0,1,,,,,,,missing required columns: max_dist
benchmark,B_structure_reproduction,structure_rmse,,1,0,1,,,,,,,missing required columns: rms_dist
benchmark,B_structure_reproduction,structure_rmse_relaxed,,1,0,1,,,,,,,"missing required columns: rms_dist_after, relaxed_rms_dist"
benchmark,B_structure_reproduction,match_rate_n1,,1,0,1,,,,,,,missing required columns: structure_match
benchmark,B_structure_reproduction,match_rate_nk,,1,0,1,,,,,,,missing required columns: structure_match
benchmark,C_mlip_stability,chgnet_ok_rate,1.0,1,1,0,,,,,,,
benchmark,C_mlip_stability,m3gnet_ok_rate,1.0,1,1,0,,,,,,,
benchmark,C_mlip_stability,mace_ok_rate,1.0,1,1,0,,,,,,,
benchmark,C_mlip_stability,sevennet_ok_rate,1.0,1,1,0,,,,,,,
benchmark,C_mlip_stability,mlip_ensemble_ok_rate,1.0,1,1,0,,,,,,,
benchmark,C_mlip_stability,mlip_consensus_stable_rate,1.0,1,1,0,,,,,,,
benchmark,C_mlip_stability,mlip_disagreement_rate,0.0,1,1,0,,,,,,,
benchmark,C_mlip_stability,median_mlip_mean_energy,-1.6421922147274015,1,1,0,,,,,,,
benchmark,C_mlip_stability,median_mlip_energy_std,0.4048818709919283,1,1,0,,,,,,,
benchmark,C_mlip_stability,median_mlip_max_force,0.816824913024914,1,1,0,,,,,,,
benchmark,C_mlip_stability,predicted_ehull_rate_0_00,,1,0,1,,,,,,,missing required columns: predicted_energy_above_hull
benchmark,C_mlip_stability,predicted_ehull_rate_0_05,,1,0,1,,,,,,,missing required columns: predicted_energy_above_hull
benchmark,C_mlip_stability,predicted_ehull_rate_0_10,,1,0,1,,,,,,,missing required columns: predicted_energy_above_hull
benchmark,C_mlip_stability,predicted_ehull_rate_0_15,,1,0,1,,,,,,,missing required columns: predicted_energy_above_hull
benchmark,C_mlip_stability,predicted_metastable_rate_ehull_0_15,,1,0,1,,,,,,,missing required columns: predicted_energy_above_hull
benchmark,C_mlip_stability,metastability_threshold,0.15,1,1,0,,,,,,eV/atom,
benchmark,D_relaxation,relax_success_rate,,1,0,1,,,,,,,missing required columns: relax_ok
benchmark,D_relaxation,median_energy_drop_per_atom,,1,0,1,,,,,,,missing required columns: energy_drop_per_atom
benchmark,D_relaxation,median_max_force_before,,1,0,1,,,,,,,missing required columns: max_force_before
benchmark,D_relaxation,median_max_force_after,,1,0,1,,,,,,,missing required columns: max_force_after
benchmark,D_relaxation,force_threshold_success_rate_0_20,,1,0,1,,,,,,,missing required columns: max_force_after
benchmark,D_relaxation,force_threshold_success_rate_0_10,,1,0,1,,,,,,,missing required columns: max_force_after
benchmark,D_relaxation,rmse_improvement_rate,,1,0,1,,,,,,,"missing required columns: rms_dist_before, rms_dist_after"
benchmark,D_relaxation,median_rmse_before,,1,0,1,,,,,,,missing required columns: rms_dist_before
benchmark,D_relaxation,median_rmse_after,,1,0,1,,,,,,,missing required columns: rms_dist_after
benchmark,D_relaxation,median_rmse_delta,,1,0,1,,,,,,,"missing required columns: rms_dist_before, rms_dist_after"
benchmark,D_relaxation,rmse_improvement_after_relaxation,,1,0,1,,,,,,,"missing required columns: rms_dist_before, rms_dist_after"
benchmark,D_relaxation,relaxed_rmse,,1,0,1,,,,,,,missing required columns: rms_dist_after
benchmark,D_relaxation,structure_preservation_rate,,1,0,1,,,,,,,missing required columns: structure_match_after
benchmark,D_relaxation,collapse_rate,,1,0,1,,,,,,,missing required columns: relax_error
benchmark,E_novelty_sun,unique_rate,1.0,1,1,0,,,,,,,local uniqueness
benchmark,E_novelty_sun,duplicate_rate,0.0,1,1,0,,,,,,,
benchmark,E_novelty_sun,known_match_rate,,1,0,1,,,,,,,
benchmark,E_novelty_sun,local_novelty_rate,,1,0,1,,,,,,,local novelty relative to supplied reference corpus
benchmark,E_novelty_sun,novel_by_structure_matcher_rate,,1,0,1,,,,,,,
benchmark,E_novelty_sun,sun_rate,,1,0,1,,,,,,,SUN uses local novelty and surrogate stability proxy
benchmark,E_novelty_sun,sun_count,,1,0,1,,,,,,,SUN uses local novelty and surrogate stability proxy
benchmark,A_validity,parse_validity_rate,1.0,1,1,0,,,,,,,
benchmark,A_validity,composition_match_rate,1.0,1,1,0,,,,,,,
benchmark,A_validity,pre_dft_validity_rate,1.0,1,1,0,,,,,,,
benchmark,A_validity,geometry_ok_rate,1.0,1,1,0,,,,,,,
benchmark,A_validity,bond_reasonable_rate,1.0,1,1,0,,,,,,,
benchmark,A_validity,bad_contact_rate,0.0,1,1,0,,,,,,,
benchmark,A_validity,median_min_distance,1.9918584287042087,1,1,0,,,,,,,
benchmark,A_validity,median_bad_contacts,0.0,1,1,0,,,,,,,
benchmark,A_validity,hard_fail_count,0.0,1,1,0,,,,,,,
benchmark,B_structure_reproduction,structure_match_rate,,1,0,1,,,,,,,missing required columns: structure_match
benchmark,B_structure_reproduction,match_rate,,1,0,1,,,,,,,missing required columns: structure_match
benchmark,B_structure_reproduction,anonymous_match_rate,,1,0,1,,,,,,,missing required columns: anonymous_match
benchmark,B_structure_reproduction,supercell_match_rate,,1,0,1,,,,,,,missing required columns: supercell_match
benchmark,B_structure_reproduction,mean_rms_dist,,1,0,1,,,,,,,missing required columns: rms_dist
benchmark,B_structure_reproduction,median_rms_dist,,1,0,1,,,,,,,missing required columns: rms_dist
benchmark,B_structure_reproduction,best_rms_dist,,1,0,1,,,,,,,missing required columns: rms_dist
benchmark,B_structure_reproduction,mean_max_dist,,1,0,1,,,,,,,missing required columns: max_dist
benchmark,B_structure_reproduction,structure_rmse,,1,0,1,,,,,,,missing required columns: rms_dist
benchmark,B_structure_reproduction,structure_rmse_relaxed,,1,0,1,,,,,,,"missing required columns: rms_dist_after, relaxed_rms_dist"
benchmark,B_structure_reproduction,match_rate_n1,,1,0,1,,,,,,,missing required columns: structure_match
benchmark,B_structure_reproduction,match_rate_nk,,1,0,1,,,,,,,missing required columns: structure_match
benchmark,C_mlip_stability,chgnet_ok_rate,1.0,1,1,0,,,,,,,
benchmark,C_mlip_stability,m3gnet_ok_rate,1.0,1,1,0,,,,,,,
benchmark,C_mlip_stability,mace_ok_rate,1.0,1,1,0,,,,,,,
benchmark,C_mlip_stability,sevennet_ok_rate,1.0,1,1,0,,,,,,,
benchmark,C_mlip_stability,mlip_ensemble_ok_rate,1.0,1,1,0,,,,,,,
benchmark,C_mlip_stability,mlip_consensus_stable_rate,1.0,1,1,0,,,,,,,
benchmark,C_mlip_stability,mlip_disagreement_rate,0.0,1,1,0,,,,,,,
benchmark,C_mlip_stability,median_mlip_mean_energy,-1.7179823219776154,1,1,0,,,,,,,
benchmark,C_mlip_stability,median_mlip_energy_std,0.3259846183498512,1,1,0,,,,,,,
benchmark,C_mlip_stability,median_mlip_max_force,2.514633395327029,1,1,0,,,,,,,
benchmark,C_mlip_stability,predicted_ehull_rate_0_00,,1,0,1,,,,,,,missing required columns: predicted_energy_above_hull
benchmark,C_mlip_stability,predicted_ehull_rate_0_05,,1,0,1,,,,,,,missing required columns: predicted_energy_above_hull
benchmark,C_mlip_stability,predicted_ehull_rate_0_10,,1,0,1,,,,,,,missing required columns: predicted_energy_above_hull
benchmark,C_mlip_stability,predicted_ehull_rate_0_15,,1,0,1,,,,,,,missing required columns: predicted_energy_above_hull
benchmark,C_mlip_stability,predicted_metastable_rate_ehull_0_15,,1,0,1,,,,,,,missing required columns: predicted_energy_above_hull
benchmark,C_mlip_stability,metastability_threshold,0.15,1,1,0,,,,,,eV/atom,
benchmark,D_relaxation,relax_success_rate,,1,0,1,,,,,,,missing required columns: relax_ok
benchmark,D_relaxation,median_energy_drop_per_atom,,1,0,1,,,,,,,missing required columns: energy_drop_per_atom
benchmark,D_relaxation,median_max_force_before,,1,0,1,,,,,,,missing required columns: max_force_before
benchmark,D_relaxation,median_max_force_after,,1,0,1,,,,,,,missing required columns: max_force_after
benchmark,D_relaxation,force_threshold_success_rate_0_20,,1,0,1,,,,,,,missing required columns: max_force_after
benchmark,D_relaxation,force_threshold_success_rate_0_10,,1,0,1,,,,,,,missing required columns: max_force_after
benchmark,D_relaxation,rmse_improvement_rate,,1,0,1,,,,,,,"missing required columns: rms_dist_before, rms_dist_after"
benchmark,D_relaxation,median_rmse_before,,1,0,1,,,,,,,missing required columns: rms_dist_before
benchmark,D_relaxation,median_rmse_after,,1,0,1,,,,,,,missing required columns: rms_dist_after
benchmark,D_relaxation,median_rmse_delta,,1,0,1,,,,,,,"missing required columns: rms_dist_before, rms_dist_after"
benchmark,D_relaxation,rmse_improvement_after_relaxation,,1,0,1,,,,,,,"missing required columns: rms_dist_before, rms_dist_after"
benchmark,D_relaxation,relaxed_rmse,,1,0,1,,,,,,,missing required columns: rms_dist_after
benchmark,D_relaxation,structure_preservation_rate,,1,0,1,,,,,,,missing required columns: structure_match_after
benchmark,D_relaxation,collapse_rate,,1,0,1,,,,,,,missing required columns: relax_error
benchmark,E_novelty_sun,unique_rate,1.0,1,1,0,,,,,,,local uniqueness
benchmark,E_novelty_sun,duplicate_rate,0.0,1,1,0,,,,,,,
benchmark,E_novelty_sun,known_match_rate,,1,0,1,,,,,,,
benchmark,E_novelty_sun,local_novelty_rate,,1,0,1,,,,,,,local novelty relative to supplied reference corpus
benchmark,E_novelty_sun,novel_by_structure_matcher_rate,,1,0,1,,,,,,,
benchmark,E_novelty_sun,sun_rate,,1,0,1,,,,,,,SUN uses local novelty and surrogate stability proxy
benchmark,E_novelty_sun,sun_count,,1,0,1,,,,,,,SUN uses local novelty and surrogate stability proxy
benchmark,A_validity,parse_validity_rate,1.0,1,1,0,,,,,,,
benchmark,A_validity,composition_match_rate,1.0,1,1,0,,,,,,,
benchmark,A_validity,pre_dft_validity_rate,1.0,1,1,0,,,,,,,
benchmark,A_validity,geometry_ok_rate,1.0,1,1,0,,,,,,,
benchmark,A_validity,bond_reasonable_rate,1.0,1,1,0,,,,,,,
benchmark,A_validity,bad_contact_rate,0.0,1,1,0,,,,,,,
benchmark,A_validity,median_min_distance,1.15,1,1,0,,,,,,,
benchmark,A_validity,median_bad_contacts,0.0,1,1,0,,,,,,,
benchmark,A_validity,hard_fail_count,0.0,1,1,0,,,,,,,
benchmark,B_structure_reproduction,structure_match_rate,,1,0,1,,,,,,,missing required columns: structure_match
benchmark,B_structure_reproduction,match_rate,,1,0,1,,,,,,,missing required columns: structure_match
benchmark,B_structure_reproduction,anonymous_match_rate,,1,0,1,,,,,,,missing required columns: anonymous_match
benchmark,B_structure_reproduction,supercell_match_rate,,1,0,1,,,,,,,missing required columns: supercell_match
benchmark,B_structure_reproduction,mean_rms_dist,,1,0,1,,,,,,,missing required columns: rms_dist
benchmark,B_structure_reproduction,median_rms_dist,,1,0,1,,,,,,,missing required columns: rms_dist
benchmark,B_structure_reproduction,best_rms_dist,,1,0,1,,,,,,,missing required columns: rms_dist
benchmark,B_structure_reproduction,mean_max_dist,,1,0,1,,,,,,,missing required columns: max_dist
benchmark,B_structure_reproduction,structure_rmse,,1,0,1,,,,,,,missing required columns: rms_dist
benchmark,B_structure_reproduction,structure_rmse_relaxed,,1,0,1,,,,,,,"missing required columns: rms_dist_after, relaxed_rms_dist"
benchmark,B_structure_reproduction,match_rate_n1,,1,0,1,,,,,,,missing required columns: structure_match
benchmark,B_structure_reproduction,match_rate_nk,,1,0,1,,,,,,,missing required columns: structure_match
benchmark,C_mlip_stability,chgnet_ok_rate,1.0,1,1,0,,,,,,,
benchmark,C_mlip_stability,m3gnet_ok_rate,1.0,1,1,0,,,,,,,
benchmark,C_mlip_stability,mace_ok_rate,1.0,1,1,0,,,,,,,
benchmark,C_mlip_stability,sevennet_ok_rate,1.0,1,1,0,,,,,,,
benchmark,C_mlip_stability,mlip_ensemble_ok_rate,1.0,1,1,0,,,,,,,
benchmark,C_mlip_stability,mlip_consensus_stable_rate,0.0,1,1,0,,,,,,,
benchmark,C_mlip_stability,mlip_disagreement_rate,1.0,1,1,0,,,,,,,
benchmark,C_mlip_stability,median_mlip_mean_energy,-3.83041246732076,1,1,0,,,,,,,
benchmark,C_mlip_stability,median_mlip_energy_std,1.2204046795126904,1,1,0,,,,,,,
benchmark,C_mlip_stability,median_mlip_max_force,14.37151432039666,1,1,0,,,,,,,
benchmark,C_mlip_stability,predicted_ehull_rate_0_00,,1,0,1,,,,,,,missing required columns: predicted_energy_above_hull
benchmark,C_mlip_stability,predicted_ehull_rate_0_05,,1,0,1,,,,,,,missing required columns: predicted_energy_above_hull
benchmark,C_mlip_stability,predicted_ehull_rate_0_10,,1,0,1,,,,,,,missing required columns: predicted_energy_above_hull
benchmark,C_mlip_stability,predicted_ehull_rate_0_15,,1,0,1,,,,,,,missing required columns: predicted_energy_above_hull
benchmark,C_mlip_stability,predicted_metastable_rate_ehull_0_15,,1,0,1,,,,,,,missing required columns: predicted_energy_above_hull
benchmark,C_mlip_stability,metastability_threshold,0.15,1,1,0,,,,,,eV/atom,
benchmark,D_relaxation,relax_success_rate,,1,0,1,,,,,,,missing required columns: relax_ok
benchmark,D_relaxation,median_energy_drop_per_atom,,1,0,1,,,,,,,missing required columns: energy_drop_per_atom
benchmark,D_relaxation,median_max_force_before,,1,0,1,,,,,,,missing required columns: max_force_before
benchmark,D_relaxation,median_max_force_after,,1,0,1,,,,,,,missing required columns: max_force_after
benchmark,D_relaxation,force_threshold_success_rate_0_20,,1,0,1,,,,,,,missing required columns: max_force_after
benchmark,D_relaxation,force_threshold_success_rate_0_10,,1,0,1,,,,,,,missing required columns: max_force_after
benchmark,D_relaxation,rmse_improvement_rate,,1,0,1,,,,,,,"missing required columns: rms_dist_before, rms_dist_after"
benchmark,D_relaxation,median_rmse_before,,1,0,1,,,,,,,missing required columns: rms_dist_before
benchmark,D_relaxation,median_rmse_after,,1,0,1,,,,,,,missing required columns: rms_dist_after
benchmark,D_relaxation,median_rmse_delta,,1,0,1,,,,,,,"missing required columns: rms_dist_before, rms_dist_after"
benchmark,D_relaxation,rmse_improvement_after_relaxation,,1,0,1,,,,,,,"missing required columns: rms_dist_before, rms_dist_after"
benchmark,D_relaxation,relaxed_rmse,,1,0,1,,,,,,,missing required columns: rms_dist_after
benchmark,D_relaxation,structure_preservation_rate,,1,0,1,,,,,,,missing required columns: structure_match_after
benchmark,D_relaxation,collapse_rate,,1,0,1,,,,,,,missing required columns: relax_error
benchmark,E_novelty_sun,unique_rate,1.0,1,1,0,,,,,,,local uniqueness
benchmark,E_novelty_sun,duplicate_rate,0.0,1,1,0,,,,,,,
benchmark,E_novelty_sun,known_match_rate,,1,0,1,,,,,,,
benchmark,E_novelty_sun,local_novelty_rate,,1,0,1,,,,,,,local novelty relative to supplied reference corpus
benchmark,E_novelty_sun,novel_by_structure_matcher_rate,,1,0,1,,,,,,,
benchmark,E_novelty_sun,sun_rate,,1,0,1,,,,,,,SUN uses local novelty and surrogate stability proxy
benchmark,E_novelty_sun,sun_count,,1,0,1,,,,,,,SUN uses local novelty and surrogate stability proxy
benchmark,A_validity,parse_validity_rate,1.0,1,1,0,,,,,,,
benchmark,A_validity,composition_match_rate,1.0,1,1,0,,,,,,,
benchmark,A_validity,pre_dft_validity_rate,1.0,1,1,0,,,,,,,
benchmark,A_validity,geometry_ok_rate,1.0,1,1,0,,,,,,,
benchmark,A_validity,bond_reasonable_rate,1.0,1,1,0,,,,,,,
benchmark,A_validity,bad_contact_rate,0.0,1,1,0,,,,,,,
benchmark,A_validity,median_min_distance,2.3,1,1,0,,,,,,,
benchmark,A_validity,median_bad_contacts,0.0,1,1,0,,,,,,,
benchmark,A_validity,hard_fail_count,0.0,1,1,0,,,,,,,
benchmark,B_structure_reproduction,structure_match_rate,,1,0,1,,,,,,,missing required columns: structure_match
benchmark,B_structure_reproduction,match_rate,,1,0,1,,,,,,,missing required columns: structure_match
benchmark,B_structure_reproduction,anonymous_match_rate,,1,0,1,,,,,,,missing required columns: anonymous_match
benchmark,B_structure_reproduction,supercell_match_rate,,1,0,1,,,,,,,missing required columns: supercell_match
benchmark,B_structure_reproduction,mean_rms_dist,,1,0,1,,,,,,,missing required columns: rms_dist
benchmark,B_structure_reproduction,median_rms_dist,,1,0,1,,,,,,,missing required columns: rms_dist
benchmark,B_structure_reproduction,best_rms_dist,,1,0,1,,,,,,,missing required columns: rms_dist
benchmark,B_structure_reproduction,mean_max_dist,,1,0,1,,,,,,,missing required columns: max_dist
benchmark,B_structure_reproduction,structure_rmse,,1,0,1,,,,,,,missing required columns: rms_dist
benchmark,B_structure_reproduction,structure_rmse_relaxed,,1,0,1,,,,,,,"missing required columns: rms_dist_after, relaxed_rms_dist"
benchmark,B_structure_reproduction,match_rate_n1,,1,0,1,,,,,,,missing required columns: structure_match
benchmark,B_structure_reproduction,match_rate_nk,,1,0,1,,,,,,,missing required columns: structure_match
benchmark,C_mlip_stability,chgnet_ok_rate,1.0,1,1,0,,,,,,,
benchmark,C_mlip_stability,m3gnet_ok_rate,1.0,1,1,0,,,,,,,
benchmark,C_mlip_stability,mace_ok_rate,1.0,1,1,0,,,,,,,
benchmark,C_mlip_stability,sevennet_ok_rate,1.0,1,1,0,,,,,,,
benchmark,C_mlip_stability,mlip_ensemble_ok_rate,1.0,1,1,0,,,,,,,
benchmark,C_mlip_stability,mlip_consensus_stable_rate,0.0,1,1,0,,,,,,,
benchmark,C_mlip_stability,mlip_disagreement_rate,1.0,1,1,0,,,,,,,
benchmark,C_mlip_stability,median_mlip_mean_energy,-6.197501850128174,1,1,0,,,,,,,
benchmark,C_mlip_stability,median_mlip_energy_std,2.653343028911912,1,1,0,,,,,,,
benchmark,C_mlip_stability,median_mlip_max_force,0.0047292179665034,1,1,0,,,,,,,
benchmark,C_mlip_stability,predicted_ehull_rate_0_00,,1,0,1,,,,,,,missing required columns: predicted_energy_above_hull
benchmark,C_mlip_stability,predicted_ehull_rate_0_05,,1,0,1,,,,,,,missing required columns: predicted_energy_above_hull
benchmark,C_mlip_stability,predicted_ehull_rate_0_10,,1,0,1,,,,,,,missing required columns: predicted_energy_above_hull
benchmark,C_mlip_stability,predicted_ehull_rate_0_15,,1,0,1,,,,,,,missing required columns: predicted_energy_above_hull
benchmark,C_mlip_stability,predicted_metastable_rate_ehull_0_15,,1,0,1,,,,,,,missing required columns: predicted_energy_above_hull
benchmark,C_mlip_stability,metastability_threshold,0.15,1,1,0,,,,,,eV/atom,
benchmark,D_relaxation,relax_success_rate,,1,0,1,,,,,,,missing required columns: relax_ok
benchmark,D_relaxation,median_energy_drop_per_atom,,1,0,1,,,,,,,missing required columns: energy_drop_per_atom
benchmark,D_relaxation,median_max_force_before,,1,0,1,,,,,,,missing required columns: max_force_before
benchmark,D_relaxation,median_max_force_after,,1,0,1,,,,,,,missing required columns: max_force_after
benchmark,D_relaxation,force_threshold_success_rate_0_20,,1,0,1,,,,,,,missing required columns: max_force_after
benchmark,D_relaxation,force_threshold_success_rate_0_10,,1,0,1,,,,,,,missing required columns: max_force_after
benchmark,D_relaxation,rmse_improvement_rate,,1,0,1,,,,,,,"missing required columns: rms_dist_before, rms_dist_after"
benchmark,D_relaxation,median_rmse_before,,1,0,1,,,,,,,missing required columns: rms_dist_before
benchmark,D_relaxation,median_rmse_after,,1,0,1,,,,,,,missing required columns: rms_dist_after
benchmark,D_relaxation,median_rmse_delta,,1,0,1,,,,,,,"missing required columns: rms_dist_before, rms_dist_after"
benchmark,D_relaxation,rmse_improvement_after_relaxation,,1,0,1,,,,,,,"missing required columns: rms_dist_before, rms_dist_after"
benchmark,D_relaxation,relaxed_rmse,,1,0,1,,,,,,,missing required columns: rms_dist_after
benchmark,D_relaxation,structure_preservation_rate,,1,0,1,,,,,,,missing required columns: structure_match_after
benchmark,D_relaxation,collapse_rate,,1,0,1,,,,,,,missing required columns: relax_error
benchmark,E_novelty_sun,unique_rate,1.0,1,1,0,,,,,,,local uniqueness
benchmark,E_novelty_sun,duplicate_rate,0.0,1,1,0,,,,,,,
benchmark,E_novelty_sun,known_match_rate,,1,0,1,,,,,,,
benchmark,E_novelty_sun,local_novelty_rate,,1,0,1,,,,,,,local novelty relative to supplied reference corpus
benchmark,E_novelty_sun,novel_by_structure_matcher_rate,,1,0,1,,,,,,,
benchmark,E_novelty_sun,sun_rate,,1,0,1,,,,,,,SUN uses local novelty and surrogate stability proxy
benchmark,E_novelty_sun,sun_count,,1,0,1,,,,,,,SUN uses local novelty and surrogate stability proxy
benchmark,A_validity,parse_validity_rate,1.0,1,1,0,,,,,,,
benchmark,A_validity,composition_match_rate,1.0,1,1,0,,,,,,,
benchmark,A_validity,pre_dft_validity_rate,1.0,1,1,0,,,,,,,
benchmark,A_validity,geometry_ok_rate,1.0,1,1,0,,,,,,,
benchmark,A_validity,bond_reasonable_rate,1.0,1,1,0,,,,,,,
benchmark,A_validity,bad_contact_rate,0.0,1,1,0,,,,,,,
benchmark,A_validity,median_min_distance,2.3,1,1,0,,,,,,,
benchmark,A_validity,median_bad_contacts,0.0,1,1,0,,,,,,,
benchmark,A_validity,hard_fail_count,0.0,1,1,0,,,,,,,
benchmark,B_structure_reproduction,structure_match_rate,,1,0,1,,,,,,,missing required columns: structure_match
benchmark,B_structure_reproduction,match_rate,,1,0,1,,,,,,,missing required columns: structure_match
benchmark,B_structure_reproduction,anonymous_match_rate,,1,0,1,,,,,,,missing required columns: anonymous_match
benchmark,B_structure_reproduction,supercell_match_rate,,1,0,1,,,,,,,missing required columns: supercell_match
benchmark,B_structure_reproduction,mean_rms_dist,,1,0,1,,,,,,,missing required columns: rms_dist
benchmark,B_structure_reproduction,median_rms_dist,,1,0,1,,,,,,,missing required columns: rms_dist
benchmark,B_structure_reproduction,best_rms_dist,,1,0,1,,,,,,,missing required columns: rms_dist
benchmark,B_structure_reproduction,mean_max_dist,,1,0,1,,,,,,,missing required columns: max_dist
benchmark,B_structure_reproduction,structure_rmse,,1,0,1,,,,,,,missing required columns: rms_dist
benchmark,B_structure_reproduction,structure_rmse_relaxed,,1,0,1,,,,,,,"missing required columns: rms_dist_after, relaxed_rms_dist"
benchmark,B_structure_reproduction,match_rate_n1,,1,0,1,,,,,,,missing required columns: structure_match
benchmark,B_structure_reproduction,match_rate_nk,,1,0,1,,,,,,,missing required columns: structure_match
benchmark,C_mlip_stability,chgnet_ok_rate,1.0,1,1,0,,,,,,,
benchmark,C_mlip_stability,m3gnet_ok_rate,1.0,1,1,0,,,,,,,
benchmark,C_mlip_stability,mace_ok_rate,1.0,1,1,0,,,,,,,
benchmark,C_mlip_stability,sevennet_ok_rate,1.0,1,1,0,,,,,,,
benchmark,C_mlip_stability,mlip_ensemble_ok_rate,1.0,1,1,0,,,,,,,
benchmark,C_mlip_stability,mlip_consensus_stable_rate,0.0,1,1,0,,,,,,,
benchmark,C_mlip_stability,mlip_disagreement_rate,1.0,1,1,0,,,,,,,
benchmark,C_mlip_stability,median_mlip_mean_energy,-3.884465265274048,1,1,0,,,,,,,
benchmark,C_mlip_stability,median_mlip_energy_std,1.6516324168627263,1,1,0,,,,,,,
benchmark,C_mlip_stability,median_mlip_max_force,1.6395908975271452,1,1,0,,,,,,,
benchmark,C_mlip_stability,predicted_ehull_rate_0_00,,1,0,1,,,,,,,missing required columns: predicted_energy_above_hull
benchmark,C_mlip_stability,predicted_ehull_rate_0_05,,1,0,1,,,,,,,missing required columns: predicted_energy_above_hull
benchmark,C_mlip_stability,predicted_ehull_rate_0_10,,1,0,1,,,,,,,missing required columns: predicted_energy_above_hull
benchmark,C_mlip_stability,predicted_ehull_rate_0_15,,1,0,1,,,,,,,missing required columns: predicted_energy_above_hull
benchmark,C_mlip_stability,predicted_metastable_rate_ehull_0_15,,1,0,1,,,,,,,missing required columns: predicted_energy_above_hull
benchmark,C_mlip_stability,metastability_threshold,0.15,1,1,0,,,,,,eV/atom,
benchmark,D_relaxation,relax_success_rate,,1,0,1,,,,,,,missing required columns: relax_ok
benchmark,D_relaxation,median_energy_drop_per_atom,,1,0,1,,,,,,,missing required columns: energy_drop_per_atom
benchmark,D_relaxation,median_max_force_before,,1,0,1,,,,,,,missing required columns: max_force_before
benchmark,D_relaxation,median_max_force_after,,1,0,1,,,,,,,missing required columns: max_force_after
benchmark,D_relaxation,force_threshold_success_rate_0_20,,1,0,1,,,,,,,missing required columns: max_force_after
benchmark,D_relaxation,force_threshold_success_rate_0_10,,1,0,1,,,,,,,missing required columns: max_force_after
benchmark,D_relaxation,rmse_improvement_rate,,1,0,1,,,,,,,"missing required columns: rms_dist_before, rms_dist_after"
benchmark,D_relaxation,median_rmse_before,,1,0,1,,,,,,,missing required columns: rms_dist_before
benchmark,D_relaxation,median_rmse_after,,1,0,1,,,,,,,missing required columns: rms_dist_after
benchmark,D_relaxation,median_rmse_delta,,1,0,1,,,,,,,"missing required columns: rms_dist_before, rms_dist_after"
benchmark,D_relaxation,rmse_improvement_after_relaxation,,1,0,1,,,,,,,"missing required columns: rms_dist_before, rms_dist_after"
benchmark,D_relaxation,relaxed_rmse,,1,0,1,,,,,,,missing required columns: rms_dist_after
benchmark,D_relaxation,structure_preservation_rate,,1,0,1,,,,,,,missing required columns: structure_match_after
benchmark,D_relaxation,collapse_rate,,1,0,1,,,,,,,missing required columns: relax_error
benchmark,E_novelty_sun,unique_rate,1.0,1,1,0,,,,,,,local uniqueness
benchmark,E_novelty_sun,duplicate_rate,0.0,1,1,0,,,,,,,
benchmark,E_novelty_sun,known_match_rate,,1,0,1,,,,,,,
benchmark,E_novelty_sun,local_novelty_rate,,1,0,1,,,,,,,local novelty relative to supplied reference corpus
benchmark,E_novelty_sun,novel_by_structure_matcher_rate,,1,0,1,,,,,,,
benchmark,E_novelty_sun,sun_rate,,1,0,1,,,,,,,SUN uses local novelty and surrogate stability proxy
benchmark,E_novelty_sun,sun_count,,1,0,1,,,,,,,SUN uses local novelty and surrogate stability proxy
benchmark,A_validity,parse_validity_rate,1.0,1,1,0,,,,,,,
benchmark,A_validity,composition_match_rate,1.0,1,1,0,,,,,,,
benchmark,A_validity,pre_dft_validity_rate,1.0,1,1,0,,,,,,,
benchmark,A_validity,geometry_ok_rate,1.0,1,1,0,,,,,,,
benchmark,A_validity,bond_reasonable_rate,1.0,1,1,0,,,,,,,
benchmark,A_validity,bad_contact_rate,0.0,1,1,0,,,,,,,
benchmark,A_validity,median_min_distance,1.991858428704209,1,1,0,,,,,,,
benchmark,A_validity,median_bad_contacts,0.0,1,1,0,,,,,,,
benchmark,A_validity,hard_fail_count,0.0,1,1,0,,,,,,,
benchmark,B_structure_reproduction,structure_match_rate,,1,0,1,,,,,,,missing required columns: structure_match
benchmark,B_structure_reproduction,match_rate,,1,0,1,,,,,,,missing required columns: structure_match
benchmark,B_structure_reproduction,anonymous_match_rate,,1,0,1,,,,,,,missing required columns: anonymous_match
benchmark,B_structure_reproduction,supercell_match_rate,,1,0,1,,,,,,,missing required columns: supercell_match
benchmark,B_structure_reproduction,mean_rms_dist,,1,0,1,,,,,,,missing required columns: rms_dist
benchmark,B_structure_reproduction,median_rms_dist,,1,0,1,,,,,,,missing required columns: rms_dist
benchmark,B_structure_reproduction,best_rms_dist,,1,0,1,,,,,,,missing required columns: rms_dist
benchmark,B_structure_reproduction,mean_max_dist,,1,0,1,,,,,,,missing required columns: max_dist
benchmark,B_structure_reproduction,structure_rmse,,1,0,1,,,,,,,missing required columns: rms_dist
benchmark,B_structure_reproduction,structure_rmse_relaxed,,1,0,1,,,,,,,"missing required columns: rms_dist_after, relaxed_rms_dist"
benchmark,B_structure_reproduction,match_rate_n1,,1,0,1,,,,,,,missing required columns: structure_match
benchmark,B_structure_reproduction,match_rate_nk,,1,0,1,,,,,,,missing required columns: structure_match
benchmark,C_mlip_stability,chgnet_ok_rate,1.0,1,1,0,,,,,,,
benchmark,C_mlip_stability,m3gnet_ok_rate,1.0,1,1,0,,,,,,,
benchmark,C_mlip_stability,mace_ok_rate,1.0,1,1,0,,,,,,,
benchmark,C_mlip_stability,sevennet_ok_rate,1.0,1,1,0,,,,,,,
benchmark,C_mlip_stability,mlip_ensemble_ok_rate,1.0,1,1,0,,,,,,,
benchmark,C_mlip_stability,mlip_consensus_stable_rate,0.0,1,1,0,,,,,,,
benchmark,C_mlip_stability,mlip_disagreement_rate,1.0,1,1,0,,,,,,,
benchmark,C_mlip_stability,median_mlip_mean_energy,-3.2204482555389404,1,1,0,,,,,,,
benchmark,C_mlip_stability,median_mlip_energy_std,1.046468357944399,1,1,0,,,,,,,
benchmark,C_mlip_stability,median_mlip_max_force,2.8384946111199945,1,1,0,,,,,,,
benchmark,C_mlip_stability,predicted_ehull_rate_0_00,,1,0,1,,,,,,,missing required columns: predicted_energy_above_hull
benchmark,C_mlip_stability,predicted_ehull_rate_0_05,,1,0,1,,,,,,,missing required columns: predicted_energy_above_hull
benchmark,C_mlip_stability,predicted_ehull_rate_0_10,,1,0,1,,,,,,,missing required columns: predicted_energy_above_hull
benchmark,C_mlip_stability,predicted_ehull_rate_0_15,,1,0,1,,,,,,,missing required columns: predicted_energy_above_hull
benchmark,C_mlip_stability,predicted_metastable_rate_ehull_0_15,,1,0,1,,,,,,,missing required columns: predicted_energy_above_hull
benchmark,C_mlip_stability,metastability_threshold,0.15,1,1,0,,,,,,eV/atom,
benchmark,D_relaxation,relax_success_rate,,1,0,1,,,,,,,missing required columns: relax_ok
benchmark,D_relaxation,median_energy_drop_per_atom,,1,0,1,,,,,,,missing required columns: energy_drop_per_atom
benchmark,D_relaxation,median_max_force_before,,1,0,1,,,,,,,missing required columns: max_force_before
benchmark,D_relaxation,median_max_force_after,,1,0,1,,,,,,,missing required columns: max_force_after
benchmark,D_relaxation,force_threshold_success_rate_0_20,,1,0,1,,,,,,,missing required columns: max_force_after
benchmark,D_relaxation,force_threshold_success_rate_0_10,,1,0,1,,,,,,,missing required columns: max_force_after
benchmark,D_relaxation,rmse_improvement_rate,,1,0,1,,,,,,,"missing required columns: rms_dist_before, rms_dist_after"
benchmark,D_relaxation,median_rmse_before,,1,0,1,,,,,,,missing required columns: rms_dist_before
benchmark,D_relaxation,median_rmse_after,,1,0,1,,,,,,,missing required columns: rms_dist_after
benchmark,D_relaxation,median_rmse_delta,,1,0,1,,,,,,,"missing required columns: rms_dist_before, rms_dist_after"
benchmark,D_relaxation,rmse_improvement_after_relaxation,,1,0,1,,,,,,,"missing required columns: rms_dist_before, rms_dist_after"
benchmark,D_relaxation,relaxed_rmse,,1,0,1,,,,,,,missing required columns: rms_dist_after
benchmark,D_relaxation,structure_preservation_rate,,1,0,1,,,,,,,missing required columns: structure_match_after
benchmark,D_relaxation,collapse_rate,,1,0,1,,,,,,,missing required columns: relax_error
benchmark,E_novelty_sun,unique_rate,1.0,1,1,0,,,,,,,local uniqueness
benchmark,E_novelty_sun,duplicate_rate,0.0,1,1,0,,,,,,,
benchmark,E_novelty_sun,known_match_rate,,1,0,1,,,,,,,
benchmark,E_novelty_sun,local_novelty_rate,,1,0,1,,,,,,,local novelty relative to supplied reference corpus
benchmark,E_novelty_sun,novel_by_structure_matcher_rate,,1,0,1,,,,,,,
benchmark,E_novelty_sun,sun_rate,,1,0,1,,,,,,,SUN uses local novelty and surrogate stability proxy
benchmark,E_novelty_sun,sun_count,,1,0,1,,,,,,,SUN uses local novelty and surrogate stability proxy
benchmark,A_validity,parse_validity_rate,1.0,1,1,0,,,,,,,
benchmark,A_validity,composition_match_rate,1.0,1,1,0,,,,,,,
benchmark,A_validity,pre_dft_validity_rate,1.0,1,1,0,,,,,,,
benchmark,A_validity,geometry_ok_rate,1.0,1,1,0,,,,,,,
benchmark,A_validity,bond_reasonable_rate,1.0,1,1,0,,,,,,,
benchmark,A_validity,bad_contact_rate,0.0,1,1,0,,,,,,,
benchmark,A_validity,median_min_distance,1.62634559672906,1,1,0,,,,,,,
benchmark,A_validity,median_bad_contacts,0.0,1,1,0,,,,,,,
benchmark,A_validity,hard_fail_count,0.0,1,1,0,,,,,,,
benchmark,B_structure_reproduction,structure_match_rate,,1,0,1,,,,,,,missing required columns: structure_match
benchmark,B_structure_reproduction,match_rate,,1,0,1,,,,,,,missing required columns: structure_match
benchmark,B_structure_reproduction,anonymous_match_rate,,1,0,1,,,,,,,missing required columns: anonymous_match
benchmark,B_structure_reproduction,supercell_match_rate,,1,0,1,,,,,,,missing required columns: supercell_match
benchmark,B_structure_reproduction,mean_rms_dist,,1,0,1,,,,,,,missing required columns: rms_dist
benchmark,B_structure_reproduction,median_rms_dist,,1,0,1,,,,,,,missing required columns: rms_dist
benchmark,B_structure_reproduction,best_rms_dist,,1,0,1,,,,,,,missing required columns: rms_dist
benchmark,B_structure_reproduction,mean_max_dist,,1,0,1,,,,,,,missing required columns: max_dist
benchmark,B_structure_reproduction,structure_rmse,,1,0,1,,,,,,,missing required columns: rms_dist
benchmark,B_structure_reproduction,structure_rmse_relaxed,,1,0,1,,,,,,,"missing required columns: rms_dist_after, relaxed_rms_dist"
benchmark,B_structure_reproduction,match_rate_n1,,1,0,1,,,,,,,missing required columns: structure_match
benchmark,B_structure_reproduction,match_rate_nk,,1,0,1,,,,,,,missing required columns: structure_match
benchmark,C_mlip_stability,chgnet_ok_rate,1.0,1,1,0,,,,,,,
benchmark,C_mlip_stability,m3gnet_ok_rate,1.0,1,1,0,,,,,,,
benchmark,C_mlip_stability,mace_ok_rate,1.0,1,1,0,,,,,,,
benchmark,C_mlip_stability,sevennet_ok_rate,1.0,1,1,0,,,,,,,
benchmark,C_mlip_stability,mlip_ensemble_ok_rate,1.0,1,1,0,,,,,,,
benchmark,C_mlip_stability,mlip_consensus_stable_rate,0.0,1,1,0,,,,,,,
benchmark,C_mlip_stability,mlip_disagreement_rate,1.0,1,1,0,,,,,,,
benchmark,C_mlip_stability,median_mlip_mean_energy,6.530024266242981,1,1,0,,,,,,,
benchmark,C_mlip_stability,median_mlip_energy_std,3.813742163348096,1,1,0,,,,,,,
benchmark,C_mlip_stability,median_mlip_max_force,105.06158634572544,1,1,0,,,,,,,
benchmark,C_mlip_stability,predicted_ehull_rate_0_00,,1,0,1,,,,,,,missing required columns: predicted_energy_above_hull
benchmark,C_mlip_stability,predicted_ehull_rate_0_05,,1,0,1,,,,,,,missing required columns: predicted_energy_above_hull
benchmark,C_mlip_stability,predicted_ehull_rate_0_10,,1,0,1,,,,,,,missing required columns: predicted_energy_above_hull
benchmark,C_mlip_stability,predicted_ehull_rate_0_15,,1,0,1,,,,,,,missing required columns: predicted_energy_above_hull
benchmark,C_mlip_stability,predicted_metastable_rate_ehull_0_15,,1,0,1,,,,,,,missing required columns: predicted_energy_above_hull
benchmark,C_mlip_stability,metastability_threshold,0.15,1,1,0,,,,,,eV/atom,
benchmark,D_relaxation,relax_success_rate,,1,0,1,,,,,,,missing required columns: relax_ok
benchmark,D_relaxation,median_energy_drop_per_atom,,1,0,1,,,,,,,missing required columns: energy_drop_per_atom
benchmark,D_relaxation,median_max_force_before,,1,0,1,,,,,,,missing required columns: max_force_before
benchmark,D_relaxation,median_max_force_after,,1,0,1,,,,,,,missing required columns: max_force_after
benchmark,D_relaxation,force_threshold_success_rate_0_20,,1,0,1,,,,,,,missing required columns: max_force_after
benchmark,D_relaxation,force_threshold_success_rate_0_10,,1,0,1,,,,,,,missing required columns: max_force_after
benchmark,D_relaxation,rmse_improvement_rate,,1,0,1,,,,,,,"missing required columns: rms_dist_before, rms_dist_after"
benchmark,D_relaxation,median_rmse_before,,1,0,1,,,,,,,missing required columns: rms_dist_before
benchmark,D_relaxation,median_rmse_after,,1,0,1,,,,,,,missing required columns: rms_dist_after
benchmark,D_relaxation,median_rmse_delta,,1,0,1,,,,,,,"missing required columns: rms_dist_before, rms_dist_after"
benchmark,D_relaxation,rmse_improvement_after_relaxation,,1,0,1,,,,,,,"missing required columns: rms_dist_before, rms_dist_after"
benchmark,D_relaxation,relaxed_rmse,,1,0,1,,,,,,,missing required columns: rms_dist_after
benchmark,D_relaxation,structure_preservation_rate,,1,0,1,,,,,,,missing required columns: structure_match_after
benchmark,D_relaxation,collapse_rate,,1,0,1,,,,,,,missing required columns: relax_error
benchmark,E_novelty_sun,unique_rate,1.0,1,1,0,,,,,,,local uniqueness
benchmark,E_novelty_sun,duplicate_rate,0.0,1,1,0,,,,,,,
benchmark,E_novelty_sun,known_match_rate,,1,0,1,,,,,,,
benchmark,E_novelty_sun,local_novelty_rate,,1,0,1,,,,,,,local novelty relative to supplied reference corpus
benchmark,E_novelty_sun,novel_by_structure_matcher_rate,,1,0,1,,,,,,,
benchmark,E_novelty_sun,sun_rate,,1,0,1,,,,,,,SUN uses local novelty and surrogate stability proxy
benchmark,E_novelty_sun,sun_count,,1,0,1,,,,,,,SUN uses local novelty and surrogate stability proxy
benchmark,A_validity,parse_validity_rate,1.0,1,1,0,,,,,,,
benchmark,A_validity,composition_match_rate,1.0,1,1,0,,,,,,,
benchmark,A_validity,pre_dft_validity_rate,1.0,1,1,0,,,,,,,
benchmark,A_validity,geometry_ok_rate,1.0,1,1,0,,,,,,,
benchmark,A_validity,bond_reasonable_rate,1.0,1,1,0,,,,,,,
benchmark,A_validity,bad_contact_rate,0.0,1,1,0,,,,,,,
benchmark,A_validity,median_min_distance,1.9918584287042087,1,1,0,,,,,,,
benchmark,A_validity,median_bad_contacts,0.0,1,1,0,,,,,,,
benchmark,A_validity,hard_fail_count,0.0,1,1,0,,,,,,,
benchmark,B_structure_reproduction,structure_match_rate,,1,0,1,,,,,,,missing required columns: structure_match
benchmark,B_structure_reproduction,match_rate,,1,0,1,,,,,,,missing required columns: structure_match
benchmark,B_structure_reproduction,anonymous_match_rate,,1,0,1,,,,,,,missing required columns: anonymous_match
benchmark,B_structure_reproduction,supercell_match_rate,,1,0,1,,,,,,,missing required columns: supercell_match
benchmark,B_structure_reproduction,mean_rms_dist,,1,0,1,,,,,,,missing required columns: rms_dist
benchmark,B_structure_reproduction,median_rms_dist,,1,0,1,,,,,,,missing required columns: rms_dist
benchmark,B_structure_reproduction,best_rms_dist,,1,0,1,,,,,,,missing required columns: rms_dist
benchmark,B_structure_reproduction,mean_max_dist,,1,0,1,,,,,,,missing required columns: max_dist
benchmark,B_structure_reproduction,structure_rmse,,1,0,1,,,,,,,missing required columns: rms_dist
benchmark,B_structure_reproduction,structure_rmse_relaxed,,1,0,1,,,,,,,"missing required columns: rms_dist_after, relaxed_rms_dist"
benchmark,B_structure_reproduction,match_rate_n1,,1,0,1,,,,,,,missing required columns: structure_match
benchmark,B_structure_reproduction,match_rate_nk,,1,0,1,,,,,,,missing required columns: structure_match
benchmark,C_mlip_stability,chgnet_ok_rate,1.0,1,1,0,,,,,,,
benchmark,C_mlip_stability,m3gnet_ok_rate,1.0,1,1,0,,,,,,,
benchmark,C_mlip_stability,mace_ok_rate,1.0,1,1,0,,,,,,,
benchmark,C_mlip_stability,sevennet_ok_rate,1.0,1,1,0,,,,,,,
benchmark,C_mlip_stability,mlip_ensemble_ok_rate,1.0,1,1,0,,,,,,,
benchmark,C_mlip_stability,mlip_consensus_stable_rate,0.0,1,1,0,,,,,,,
benchmark,C_mlip_stability,mlip_disagreement_rate,1.0,1,1,0,,,,,,,
benchmark,C_mlip_stability,median_mlip_mean_energy,2.467416310310364,1,1,0,,,,,,,
benchmark,C_mlip_stability,median_mlip_energy_std,1.5792333616564846,1,1,0,,,,,,,
benchmark,C_mlip_stability,median_mlip_max_force,38.29307749608907,1,1,0,,,,,,,
benchmark,C_mlip_stability,predicted_ehull_rate_0_00,,1,0,1,,,,,,,missing required columns: predicted_energy_above_hull
benchmark,C_mlip_stability,predicted_ehull_rate_0_05,,1,0,1,,,,,,,missing required columns: predicted_energy_above_hull
benchmark,C_mlip_stability,predicted_ehull_rate_0_10,,1,0,1,,,,,,,missing required columns: predicted_energy_above_hull
benchmark,C_mlip_stability,predicted_ehull_rate_0_15,,1,0,1,,,,,,,missing required columns: predicted_energy_above_hull
benchmark,C_mlip_stability,predicted_metastable_rate_ehull_0_15,,1,0,1,,,,,,,missing required columns: predicted_energy_above_hull
benchmark,C_mlip_stability,metastability_threshold,0.15,1,1,0,,,,,,eV/atom,
benchmark,D_relaxation,relax_success_rate,,1,0,1,,,,,,,missing required columns: relax_ok
benchmark,D_relaxation,median_energy_drop_per_atom,,1,0,1,,,,,,,missing required columns: energy_drop_per_atom
benchmark,D_relaxation,median_max_force_before,,1,0,1,,,,,,,missing required columns: max_force_before
benchmark,D_relaxation,median_max_force_after,,1,0,1,,,,,,,missing required columns: max_force_after
benchmark,D_relaxation,force_threshold_success_rate_0_20,,1,0,1,,,,,,,missing required columns: max_force_after
benchmark,D_relaxation,force_threshold_success_rate_0_10,,1,0,1,,,,,,,missing required columns: max_force_after
benchmark,D_relaxation,rmse_improvement_rate,,1,0,1,,,,,,,"missing required columns: rms_dist_before, rms_dist_after"
benchmark,D_relaxation,median_rmse_before,,1,0,1,,,,,,,missing required columns: rms_dist_before
benchmark,D_relaxation,median_rmse_after,,1,0,1,,,,,,,missing required columns: rms_dist_after
benchmark,D_relaxation,median_rmse_delta,,1,0,1,,,,,,,"missing required columns: rms_dist_before, rms_dist_after"
benchmark,D_relaxation,rmse_improvement_after_relaxation,,1,0,1,,,,,,,"missing required columns: rms_dist_before, rms_dist_after"
benchmark,D_relaxation,relaxed_rmse,,1,0,1,,,,,,,missing required columns: rms_dist_after
benchmark,D_relaxation,structure_preservation_rate,,1,0,1,,,,,,,missing required columns: structure_match_after
benchmark,D_relaxation,collapse_rate,,1,0,1,,,,,,,missing required columns: relax_error
benchmark,E_novelty_sun,unique_rate,1.0,1,1,0,,,,,,,local uniqueness
benchmark,E_novelty_sun,duplicate_rate,0.0,1,1,0,,,,,,,
benchmark,E_novelty_sun,known_match_rate,,1,0,1,,,,,,,
benchmark,E_novelty_sun,local_novelty_rate,,1,0,1,,,,,,,local novelty relative to supplied reference corpus
benchmark,E_novelty_sun,novel_by_structure_matcher_rate,,1,0,1,,,,,,,
benchmark,E_novelty_sun,sun_rate,,1,0,1,,,,,,,SUN uses local novelty and surrogate stability proxy
benchmark,E_novelty_sun,sun_count,,1,0,1,,,,,,,SUN uses local novelty and surrogate stability proxy
benchmark,A_validity,parse_validity_rate,1.0,1,1,0,,,,,,,
benchmark,A_validity,composition_match_rate,1.0,1,1,0,,,,,,,
benchmark,A_validity,pre_dft_validity_rate,1.0,1,1,0,,,,,,,
benchmark,A_validity,geometry_ok_rate,1.0,1,1,0,,,,,,,
benchmark,A_validity,bond_reasonable_rate,1.0,1,1,0,,,,,,,
benchmark,A_validity,bad_contact_rate,0.0,1,1,0,,,,,,,
benchmark,A_validity,median_min_distance,,1,0,1,,,,,,,
benchmark,A_validity,median_bad_contacts,0.0,1,1,0,,,,,,,
benchmark,A_validity,hard_fail_count,0.0,1,1,0,,,,,,,
benchmark,B_structure_reproduction,structure_match_rate,,1,0,1,,,,,,,missing required columns: structure_match
benchmark,B_structure_reproduction,match_rate,,1,0,1,,,,,,,missing required columns: structure_match
benchmark,B_structure_reproduction,anonymous_match_rate,,1,0,1,,,,,,,missing required columns: anonymous_match
benchmark,B_structure_reproduction,supercell_match_rate,,1,0,1,,,,,,,missing required columns: supercell_match
benchmark,B_structure_reproduction,mean_rms_dist,,1,0,1,,,,,,,missing required columns: rms_dist
benchmark,B_structure_reproduction,median_rms_dist,,1,0,1,,,,,,,missing required columns: rms_dist
benchmark,B_structure_reproduction,best_rms_dist,,1,0,1,,,,,,,missing required columns: rms_dist
benchmark,B_structure_reproduction,mean_max_dist,,1,0,1,,,,,,,missing required columns: max_dist
benchmark,B_structure_reproduction,structure_rmse,,1,0,1,,,,,,,missing required columns: rms_dist
benchmark,B_structure_reproduction,structure_rmse_relaxed,,1,0,1,,,,,,,"missing required columns: rms_dist_after, relaxed_rms_dist"
benchmark,B_structure_reproduction,match_rate_n1,,1,0,1,,,,,,,missing required columns: structure_match
benchmark,B_structure_reproduction,match_rate_nk,,1,0,1,,,,,,,missing required columns: structure_match
benchmark,C_mlip_stability,chgnet_ok_rate,1.0,1,1,0,,,,,,,
benchmark,C_mlip_stability,m3gnet_ok_rate,1.0,1,1,0,,,,,,,
benchmark,C_mlip_stability,mace_ok_rate,1.0,1,1,0,,,,,,,
benchmark,C_mlip_stability,sevennet_ok_rate,1.0,1,1,0,,,,,,,
benchmark,C_mlip_stability,mlip_ensemble_ok_rate,1.0,1,1,0,,,,,,,
benchmark,C_mlip_stability,mlip_consensus_stable_rate,0.0,1,1,0,,,,,,,
benchmark,C_mlip_stability,mlip_disagreement_rate,1.0,1,1,0,,,,,,,
benchmark,C_mlip_stability,median_mlip_mean_energy,-3.178232729434967,1,1,0,,,,,,,
benchmark,C_mlip_stability,median_mlip_energy_std,0.6000915102061275,1,1,0,,,,,,,
benchmark,C_mlip_stability,median_mlip_max_force,0.0002248547971557,1,1,0,,,,,,,
benchmark,C_mlip_stability,predicted_ehull_rate_0_00,,1,0,1,,,,,,,missing required columns: predicted_energy_above_hull
benchmark,C_mlip_stability,predicted_ehull_rate_0_05,,1,0,1,,,,,,,missing required columns: predicted_energy_above_hull
benchmark,C_mlip_stability,predicted_ehull_rate_0_10,,1,0,1,,,,,,,missing required columns: predicted_energy_above_hull
benchmark,C_mlip_stability,predicted_ehull_rate_0_15,,1,0,1,,,,,,,missing required columns: predicted_energy_above_hull
benchmark,C_mlip_stability,predicted_metastable_rate_ehull_0_15,,1,0,1,,,,,,,missing required columns: predicted_energy_above_hull
benchmark,C_mlip_stability,metastability_threshold,0.15,1,1,0,,,,,,eV/atom,
benchmark,D_relaxation,relax_success_rate,,1,0,1,,,,,,,missing required columns: relax_ok
benchmark,D_relaxation,median_energy_drop_per_atom,,1,0,1,,,,,,,missing required columns: energy_drop_per_atom
benchmark,D_relaxation,median_max_force_before,,1,0,1,,,,,,,missing required columns: max_force_before
benchmark,D_relaxation,median_max_force_after,,1,0,1,,,,,,,missing required columns: max_force_after
benchmark,D_relaxation,force_threshold_success_rate_0_20,,1,0,1,,,,,,,missing required columns: max_force_after
benchmark,D_relaxation,force_threshold_success_rate_0_10,,1,0,1,,,,,,,missing required columns: max_force_after
benchmark,D_relaxation,rmse_improvement_rate,,1,0,1,,,,,,,"missing required columns: rms_dist_before, rms_dist_after"
benchmark,D_relaxation,median_rmse_before,,1,0,1,,,,,,,missing required columns: rms_dist_before
benchmark,D_relaxation,median_rmse_after,,1,0,1,,,,,,,missing required columns: rms_dist_after
benchmark,D_relaxation,median_rmse_delta,,1,0,1,,,,,,,"missing required columns: rms_dist_before, rms_dist_after"
benchmark,D_relaxation,rmse_improvement_after_relaxation,,1,0,1,,,,,,,"missing required columns: rms_dist_before, rms_dist_after"
benchmark,D_relaxation,relaxed_rmse,,1,0,1,,,,,,,missing required columns: rms_dist_after
benchmark,D_relaxation,structure_preservation_rate,,1,0,1,,,,,,,missing required columns: structure_match_after
benchmark,D_relaxation,collapse_rate,,1,0,1,,,,,,,missing required columns: relax_error
benchmark,E_novelty_sun,unique_rate,1.0,1,1,0,,,,,,,local uniqueness
benchmark,E_novelty_sun,duplicate_rate,0.0,1,1,0,,,,,,,
benchmark,E_novelty_sun,known_match_rate,,1,0,1,,,,,,,
benchmark,E_novelty_sun,local_novelty_rate,,1,0,1,,,,,,,local novelty relative to supplied reference corpus
benchmark,E_novelty_sun,novel_by_structure_matcher_rate,,1,0,1,,,,,,,
benchmark,E_novelty_sun,sun_rate,,1,0,1,,,,,,,SUN uses local novelty and surrogate stability proxy
benchmark,E_novelty_sun,sun_count,,1,0,1,,,,,,,SUN uses local novelty and surrogate stability proxy
benchmark,A_validity,parse_validity_rate,1.0,1,1,0,,,,,,,
benchmark,A_validity,composition_match_rate,1.0,1,1,0,,,,,,,
benchmark,A_validity,pre_dft_validity_rate,1.0,1,1,0,,,,,,,
benchmark,A_validity,geometry_ok_rate,1.0,1,1,0,,,,,,,
benchmark,A_validity,bond_reasonable_rate,1.0,1,1,0,,,,,,,
benchmark,A_validity,bad_contact_rate,0.0,1,1,0,,,,,,,
benchmark,A_validity,median_min_distance,2.3,1,1,0,,,,,,,
benchmark,A_validity,median_bad_contacts,0.0,1,1,0,,,,,,,
benchmark,A_validity,hard_fail_count,0.0,1,1,0,,,,,,,
benchmark,B_structure_reproduction,structure_match_rate,,1,0,1,,,,,,,missing required columns: structure_match
benchmark,B_structure_reproduction,match_rate,,1,0,1,,,,,,,missing required columns: structure_match
benchmark,B_structure_reproduction,anonymous_match_rate,,1,0,1,,,,,,,missing required columns: anonymous_match
benchmark,B_structure_reproduction,supercell_match_rate,,1,0,1,,,,,,,missing required columns: supercell_match
benchmark,B_structure_reproduction,mean_rms_dist,,1,0,1,,,,,,,missing required columns: rms_dist
benchmark,B_structure_reproduction,median_rms_dist,,1,0,1,,,,,,,missing required columns: rms_dist
benchmark,B_structure_reproduction,best_rms_dist,,1,0,1,,,,,,,missing required columns: rms_dist
benchmark,B_structure_reproduction,mean_max_dist,,1,0,1,,,,,,,missing required columns: max_dist
benchmark,B_structure_reproduction,structure_rmse,,1,0,1,,,,,,,missing required columns: rms_dist
benchmark,B_structure_reproduction,structure_rmse_relaxed,,1,0,1,,,,,,,"missing required columns: rms_dist_after, relaxed_rms_dist"
benchmark,B_structure_reproduction,match_rate_n1,,1,0,1,,,,,,,missing required columns: structure_match
benchmark,B_structure_reproduction,match_rate_nk,,1,0,1,,,,,,,missing required columns: structure_match
benchmark,C_mlip_stability,chgnet_ok_rate,1.0,1,1,0,,,,,,,
benchmark,C_mlip_stability,m3gnet_ok_rate,1.0,1,1,0,,,,,,,
benchmark,C_mlip_stability,mace_ok_rate,1.0,1,1,0,,,,,,,
benchmark,C_mlip_stability,sevennet_ok_rate,1.0,1,1,0,,,,,,,
benchmark,C_mlip_stability,mlip_ensemble_ok_rate,1.0,1,1,0,,,,,,,
benchmark,C_mlip_stability,mlip_consensus_stable_rate,0.0,1,1,0,,,,,,,
benchmark,C_mlip_stability,mlip_disagreement_rate,1.0,1,1,0,,,,,,,
benchmark,C_mlip_stability,median_mlip_mean_energy,-4.04912249247233,1,1,0,,,,,,,
benchmark,C_mlip_stability,median_mlip_energy_std,1.3259819875609868,1,1,0,,,,,,,
benchmark,C_mlip_stability,median_mlip_max_force,0.8252400993688017,1,1,0,,,,,,,
benchmark,C_mlip_stability,predicted_ehull_rate_0_00,,1,0,1,,,,,,,missing required columns: predicted_energy_above_hull
benchmark,C_mlip_stability,predicted_ehull_rate_0_05,,1,0,1,,,,,,,missing required columns: predicted_energy_above_hull
benchmark,C_mlip_stability,predicted_ehull_rate_0_10,,1,0,1,,,,,,,missing required columns: predicted_energy_above_hull
benchmark,C_mlip_stability,predicted_ehull_rate_0_15,,1,0,1,,,,,,,missing required columns: predicted_energy_above_hull
benchmark,C_mlip_stability,predicted_metastable_rate_ehull_0_15,,1,0,1,,,,,,,missing required columns: predicted_energy_above_hull
benchmark,C_mlip_stability,metastability_threshold,0.15,1,1,0,,,,,,eV/atom,
benchmark,D_relaxation,relax_success_rate,,1,0,1,,,,,,,missing required columns: relax_ok
benchmark,D_relaxation,median_energy_drop_per_atom,,1,0,1,,,,,,,missing required columns: energy_drop_per_atom
benchmark,D_relaxation,median_max_force_before,,1,0,1,,,,,,,missing required columns: max_force_before
benchmark,D_relaxation,median_max_force_after,,1,0,1,,,,,,,missing required columns: max_force_after
benchmark,D_relaxation,force_threshold_success_rate_0_20,,1,0,1,,,,,,,missing required columns: max_force_after
benchmark,D_relaxation,force_threshold_success_rate_0_10,,1,0,1,,,,,,,missing required columns: max_force_after
benchmark,D_relaxation,rmse_improvement_rate,,1,0,1,,,,,,,"missing required columns: rms_dist_before, rms_dist_after"
benchmark,D_relaxation,median_rmse_before,,1,0,1,,,,,,,missing required columns: rms_dist_before
benchmark,D_relaxation,median_rmse_after,,1,0,1,,,,,,,missing required columns: rms_dist_after
benchmark,D_relaxation,median_rmse_delta,,1,0,1,,,,,,,"missing required columns: rms_dist_before, rms_dist_after"
benchmark,D_relaxation,rmse_improvement_after_relaxation,,1,0,1,,,,,,,"missing required columns: rms_dist_before, rms_dist_after"
benchmark,D_relaxation,relaxed_rmse,,1,0,1,,,,,,,missing required columns: rms_dist_after
benchmark,D_relaxation,structure_preservation_rate,,1,0,1,,,,,,,missing required columns: structure_match_after
benchmark,D_relaxation,collapse_rate,,1,0,1,,,,,,,missing required columns: relax_error
benchmark,E_novelty_sun,unique_rate,1.0,1,1,0,,,,,,,local uniqueness
benchmark,E_novelty_sun,duplicate_rate,0.0,1,1,0,,,,,,,
benchmark,E_novelty_sun,known_match_rate,,1,0,1,,,,,,,
benchmark,E_novelty_sun,local_novelty_rate,,1,0,1,,,,,,,local novelty relative to supplied reference corpus
benchmark,E_novelty_sun,novel_by_structure_matcher_rate,,1,0,1,,,,,,,
benchmark,E_novelty_sun,sun_rate,,1,0,1,,,,,,,SUN uses local novelty and surrogate stability proxy
benchmark,E_novelty_sun,sun_count,,1,0,1,,,,,,,SUN uses local novelty and surrogate stability proxy
benchmark,A_validity,parse_validity_rate,1.0,1,1,0,,,,,,,
benchmark,A_validity,composition_match_rate,1.0,1,1,0,,,,,,,
benchmark,A_validity,pre_dft_validity_rate,0.0,1,1,0,,,,,,,
benchmark,A_validity,geometry_ok_rate,1.0,1,1,0,,,,,,,
benchmark,A_validity,bond_reasonable_rate,0.0,1,1,0,,,,,,,
benchmark,A_validity,bad_contact_rate,1.0,1,1,0,,,,,,,
benchmark,A_validity,median_min_distance,1.15,1,1,0,,,,,,,
benchmark,A_validity,median_bad_contacts,2.0,1,1,0,,,,,,,
benchmark,A_validity,hard_fail_count,1.0,1,1,0,,,,,,,
benchmark,B_structure_reproduction,structure_match_rate,,1,0,1,,,,,,,missing required columns: structure_match
benchmark,B_structure_reproduction,match_rate,,1,0,1,,,,,,,missing required columns: structure_match
benchmark,B_structure_reproduction,anonymous_match_rate,,1,0,1,,,,,,,missing required columns: anonymous_match
benchmark,B_structure_reproduction,supercell_match_rate,,1,0,1,,,,,,,missing required columns: supercell_match
benchmark,B_structure_reproduction,mean_rms_dist,,1,0,1,,,,,,,missing required columns: rms_dist
benchmark,B_structure_reproduction,median_rms_dist,,1,0,1,,,,,,,missing required columns: rms_dist
benchmark,B_structure_reproduction,best_rms_dist,,1,0,1,,,,,,,missing required columns: rms_dist
benchmark,B_structure_reproduction,mean_max_dist,,1,0,1,,,,,,,missing required columns: max_dist
benchmark,B_structure_reproduction,structure_rmse,,1,0,1,,,,,,,missing required columns: rms_dist
benchmark,B_structure_reproduction,structure_rmse_relaxed,,1,0,1,,,,,,,"missing required columns: rms_dist_after, relaxed_rms_dist"
benchmark,B_structure_reproduction,match_rate_n1,,1,0,1,,,,,,,missing required columns: structure_match
benchmark,B_structure_reproduction,match_rate_nk,,1,0,1,,,,,,,missing required columns: structure_match
benchmark,C_mlip_stability,chgnet_ok_rate,1.0,1,1,0,,,,,,,
benchmark,C_mlip_stability,m3gnet_ok_rate,1.0,1,1,0,,,,,,,
benchmark,C_mlip_stability,mace_ok_rate,1.0,1,1,0,,,,,,,
benchmark,C_mlip_stability,sevennet_ok_rate,1.0,1,1,0,,,,,,,
benchmark,C_mlip_stability,mlip_ensemble_ok_rate,1.0,1,1,0,,,,,,,
benchmark,C_mlip_stability,mlip_consensus_stable_rate,0.0,1,1,0,,,,,,,
benchmark,C_mlip_stability,mlip_disagreement_rate,1.0,1,1,0,,,,,,,
benchmark,C_mlip_stability,median_mlip_mean_energy,-2.996764251164028,1,1,0,,,,,,,
benchmark,C_mlip_stability,median_mlip_energy_std,1.3867625935511192,1,1,0,,,,,,,
benchmark,C_mlip_stability,median_mlip_max_force,32.60380554199219,1,1,0,,,,,,,
benchmark,C_mlip_stability,predicted_ehull_rate_0_00,,1,0,1,,,,,,,missing required columns: predicted_energy_above_hull
benchmark,C_mlip_stability,predicted_ehull_rate_0_05,,1,0,1,,,,,,,missing required columns: predicted_energy_above_hull
benchmark,C_mlip_stability,predicted_ehull_rate_0_10,,1,0,1,,,,,,,missing required columns: predicted_energy_above_hull
benchmark,C_mlip_stability,predicted_ehull_rate_0_15,,1,0,1,,,,,,,missing required columns: predicted_energy_above_hull
benchmark,C_mlip_stability,predicted_metastable_rate_ehull_0_15,,1,0,1,,,,,,,missing required columns: predicted_energy_above_hull
benchmark,C_mlip_stability,metastability_threshold,0.15,1,1,0,,,,,,eV/atom,
benchmark,D_relaxation,relax_success_rate,,1,0,1,,,,,,,missing required columns: relax_ok
benchmark,D_relaxation,median_energy_drop_per_atom,,1,0,1,,,,,,,missing required columns: energy_drop_per_atom
benchmark,D_relaxation,median_max_force_before,,1,0,1,,,,,,,missing required columns: max_force_before
benchmark,D_relaxation,median_max_force_after,,1,0,1,,,,,,,missing required columns: max_force_after
benchmark,D_relaxation,force_threshold_success_rate_0_20,,1,0,1,,,,,,,missing required columns: max_force_after
benchmark,D_relaxation,force_threshold_success_rate_0_10,,1,0,1,,,,,,,missing required columns: max_force_after
benchmark,D_relaxation,rmse_improvement_rate,,1,0,1,,,,,,,"missing required columns: rms_dist_before, rms_dist_after"
benchmark,D_relaxation,median_rmse_before,,1,0,1,,,,,,,missing required columns: rms_dist_before
benchmark,D_relaxation,median_rmse_after,,1,0,1,,,,,,,missing required columns: rms_dist_after
benchmark,D_relaxation,median_rmse_delta,,1,0,1,,,,,,,"missing required columns: rms_dist_before, rms_dist_after"
benchmark,D_relaxation,rmse_improvement_after_relaxation,,1,0,1,,,,,,,"missing required columns: rms_dist_before, rms_dist_after"
benchmark,D_relaxation,relaxed_rmse,,1,0,1,,,,,,,missing required columns: rms_dist_after
benchmark,D_relaxation,structure_preservation_rate,,1,0,1,,,,,,,missing required columns: structure_match_after
benchmark,D_relaxation,collapse_rate,,1,0,1,,,,,,,missing required columns: relax_error
benchmark,E_novelty_sun,unique_rate,1.0,1,1,0,,,,,,,local uniqueness
benchmark,E_novelty_sun,duplicate_rate,0.0,1,1,0,,,,,,,
benchmark,E_novelty_sun,known_match_rate,,1,0,1,,,,,,,
benchmark,E_novelty_sun,local_novelty_rate,,1,0,1,,,,,,,local novelty relative to supplied reference corpus
benchmark,E_novelty_sun,novel_by_structure_matcher_rate,,1,0,1,,,,,,,
benchmark,E_novelty_sun,sun_rate,,1,0,1,,,,,,,SUN uses local novelty and surrogate stability proxy
benchmark,E_novelty_sun,sun_count,,1,0,1,,,,,,,SUN uses local novelty and surrogate stability proxy
benchmark,A_validity,parse_validity_rate,1.0,1,1,0,,,,,,,
benchmark,A_validity,composition_match_rate,1.0,1,1,0,,,,,,,
benchmark,A_validity,pre_dft_validity_rate,1.0,1,1,0,,,,,,,
benchmark,A_validity,geometry_ok_rate,1.0,1,1,0,,,,,,,
benchmark,A_validity,bond_reasonable_rate,1.0,1,1,0,,,,,,,
benchmark,A_validity,bad_contact_rate,0.0,1,1,0,,,,,,,
benchmark,A_validity,median_min_distance,1.9918584287042085,1,1,0,,,,,,,
benchmark,A_validity,median_bad_contacts,0.0,1,1,0,,,,,,,
benchmark,A_validity,hard_fail_count,0.0,1,1,0,,,,,,,
benchmark,B_structure_reproduction,structure_match_rate,,1,0,1,,,,,,,missing required columns: structure_match
benchmark,B_structure_reproduction,match_rate,,1,0,1,,,,,,,missing required columns: structure_match
benchmark,B_structure_reproduction,anonymous_match_rate,,1,0,1,,,,,,,missing required columns: anonymous_match
benchmark,B_structure_reproduction,supercell_match_rate,,1,0,1,,,,,,,missing required columns: supercell_match
benchmark,B_structure_reproduction,mean_rms_dist,,1,0,1,,,,,,,missing required columns: rms_dist
benchmark,B_structure_reproduction,median_rms_dist,,1,0,1,,,,,,,missing required columns: rms_dist
benchmark,B_structure_reproduction,best_rms_dist,,1,0,1,,,,,,,missing required columns: rms_dist
benchmark,B_structure_reproduction,mean_max_dist,,1,0,1,,,,,,,missing required columns: max_dist
benchmark,B_structure_reproduction,structure_rmse,,1,0,1,,,,,,,missing required columns: rms_dist
benchmark,B_structure_reproduction,structure_rmse_relaxed,,1,0,1,,,,,,,"missing required columns: rms_dist_after, relaxed_rms_dist"
benchmark,B_structure_reproduction,match_rate_n1,,1,0,1,,,,,,,missing required columns: structure_match
benchmark,B_structure_reproduction,match_rate_nk,,1,0,1,,,,,,,missing required columns: structure_match
benchmark,C_mlip_stability,chgnet_ok_rate,1.0,1,1,0,,,,,,,
benchmark,C_mlip_stability,m3gnet_ok_rate,1.0,1,1,0,,,,,,,
benchmark,C_mlip_stability,mace_ok_rate,1.0,1,1,0,,,,,,,
benchmark,C_mlip_stability,sevennet_ok_rate,1.0,1,1,0,,,,,,,
benchmark,C_mlip_stability,mlip_ensemble_ok_rate,1.0,1,1,0,,,,,,,
benchmark,C_mlip_stability,mlip_consensus_stable_rate,0.0,1,1,0,,,,,,,
benchmark,C_mlip_stability,mlip_disagreement_rate,1.0,1,1,0,,,,,,,
benchmark,C_mlip_stability,median_mlip_mean_energy,-2.9810077462877547,1,1,0,,,,,,,
benchmark,C_mlip_stability,median_mlip_energy_std,1.3748072259154909,1,1,0,,,,,,,
benchmark,C_mlip_stability,median_mlip_max_force,18.109438030199343,1,1,0,,,,,,,
benchmark,C_mlip_stability,predicted_ehull_rate_0_00,,1,0,1,,,,,,,missing required columns: predicted_energy_above_hull
benchmark,C_mlip_stability,predicted_ehull_rate_0_05,,1,0,1,,,,,,,missing required columns: predicted_energy_above_hull
benchmark,C_mlip_stability,predicted_ehull_rate_0_10,,1,0,1,,,,,,,missing required columns: predicted_energy_above_hull
benchmark,C_mlip_stability,predicted_ehull_rate_0_15,,1,0,1,,,,,,,missing required columns: predicted_energy_above_hull
benchmark,C_mlip_stability,predicted_metastable_rate_ehull_0_15,,1,0,1,,,,,,,missing required columns: predicted_energy_above_hull
benchmark,C_mlip_stability,metastability_threshold,0.15,1,1,0,,,,,,eV/atom,
benchmark,D_relaxation,relax_success_rate,,1,0,1,,,,,,,missing required columns: relax_ok
benchmark,D_relaxation,median_energy_drop_per_atom,,1,0,1,,,,,,,missing required columns: energy_drop_per_atom
benchmark,D_relaxation,median_max_force_before,,1,0,1,,,,,,,missing required columns: max_force_before
benchmark,D_relaxation,median_max_force_after,,1,0,1,,,,,,,missing required columns: max_force_after
benchmark,D_relaxation,force_threshold_success_rate_0_20,,1,0,1,,,,,,,missing required columns: max_force_after
benchmark,D_relaxation,force_threshold_success_rate_0_10,,1,0,1,,,,,,,missing required columns: max_force_after
benchmark,D_relaxation,rmse_improvement_rate,,1,0,1,,,,,,,"missing required columns: rms_dist_before, rms_dist_after"
benchmark,D_relaxation,median_rmse_before,,1,0,1,,,,,,,missing required columns: rms_dist_before
benchmark,D_relaxation,median_rmse_after,,1,0,1,,,,,,,missing required columns: rms_dist_after
benchmark,D_relaxation,median_rmse_delta,,1,0,1,,,,,,,"missing required columns: rms_dist_before, rms_dist_after"
benchmark,D_relaxation,rmse_improvement_after_relaxation,,1,0,1,,,,,,,"missing required columns: rms_dist_before, rms_dist_after"
benchmark,D_relaxation,relaxed_rmse,,1,0,1,,,,,,,missing required columns: rms_dist_after
benchmark,D_relaxation,structure_preservation_rate,,1,0,1,,,,,,,missing required columns: structure_match_after
benchmark,D_relaxation,collapse_rate,,1,0,1,,,,,,,missing required columns: relax_error
benchmark,E_novelty_sun,unique_rate,1.0,1,1,0,,,,,,,local uniqueness
benchmark,E_novelty_sun,duplicate_rate,0.0,1,1,0,,,,,,,
benchmark,E_novelty_sun,known_match_rate,,1,0,1,,,,,,,
benchmark,E_novelty_sun,local_novelty_rate,,1,0,1,,,,,,,local novelty relative to supplied reference corpus
benchmark,E_novelty_sun,novel_by_structure_matcher_rate,,1,0,1,,,,,,,
benchmark,E_novelty_sun,sun_rate,,1,0,1,,,,,,,SUN uses local novelty and surrogate stability proxy
benchmark,E_novelty_sun,sun_count,,1,0,1,,,,,,,SUN uses local novelty and surrogate stability proxy
benchmark,A_validity,parse_validity_rate,1.0,1,1,0,,,,,,,
benchmark,A_validity,composition_match_rate,1.0,1,1,0,,,,,,,
benchmark,A_validity,pre_dft_validity_rate,1.0,1,1,0,,,,,,,
benchmark,A_validity,geometry_ok_rate,1.0,1,1,0,,,,,,,
benchmark,A_validity,bond_reasonable_rate,1.0,1,1,0,,,,,,,
benchmark,A_validity,bad_contact_rate,0.0,1,1,0,,,,,,,
benchmark,A_validity,median_min_distance,1.9918584287042087,1,1,0,,,,,,,
benchmark,A_validity,median_bad_contacts,0.0,1,1,0,,,,,,,
benchmark,A_validity,hard_fail_count,0.0,1,1,0,,,,,,,
benchmark,B_structure_reproduction,structure_match_rate,,1,0,1,,,,,,,missing required columns: structure_match
benchmark,B_structure_reproduction,match_rate,,1,0,1,,,,,,,missing required columns: structure_match
benchmark,B_structure_reproduction,anonymous_match_rate,,1,0,1,,,,,,,missing required columns: anonymous_match
benchmark,B_structure_reproduction,supercell_match_rate,,1,0,1,,,,,,,missing required columns: supercell_match
benchmark,B_structure_reproduction,mean_rms_dist,,1,0,1,,,,,,,missing required columns: rms_dist
benchmark,B_structure_reproduction,median_rms_dist,,1,0,1,,,,,,,missing required columns: rms_dist
benchmark,B_structure_reproduction,best_rms_dist,,1,0,1,,,,,,,missing required columns: rms_dist
benchmark,B_structure_reproduction,mean_max_dist,,1,0,1,,,,,,,missing required columns: max_dist
benchmark,B_structure_reproduction,structure_rmse,,1,0,1,,,,,,,missing required columns: rms_dist
benchmark,B_structure_reproduction,structure_rmse_relaxed,,1,0,1,,,,,,,"missing required columns: rms_dist_after, relaxed_rms_dist"
benchmark,B_structure_reproduction,match_rate_n1,,1,0,1,,,,,,,missing required columns: structure_match
benchmark,B_structure_reproduction,match_rate_nk,,1,0,1,,,,,,,missing required columns: structure_match
benchmark,C_mlip_stability,chgnet_ok_rate,1.0,1,1,0,,,,,,,
benchmark,C_mlip_stability,m3gnet_ok_rate,1.0,1,1,0,,,,,,,
benchmark,C_mlip_stability,mace_ok_rate,1.0,1,1,0,,,,,,,
benchmark,C_mlip_stability,sevennet_ok_rate,1.0,1,1,0,,,,,,,
benchmark,C_mlip_stability,mlip_ensemble_ok_rate,1.0,1,1,0,,,,,,,
benchmark,C_mlip_stability,mlip_consensus_stable_rate,0.0,1,1,0,,,,,,,
benchmark,C_mlip_stability,mlip_disagreement_rate,1.0,1,1,0,,,,,,,
benchmark,C_mlip_stability,median_mlip_mean_energy,-4.998672246932983,1,1,0,,,,,,,
benchmark,C_mlip_stability,median_mlip_energy_std,1.036948330106252,1,1,0,,,,,,,
benchmark,C_mlip_stability,median_mlip_max_force,3.5001846307045104,1,1,0,,,,,,,
benchmark,C_mlip_stability,predicted_ehull_rate_0_00,,1,0,1,,,,,,,missing required columns: predicted_energy_above_hull
benchmark,C_mlip_stability,predicted_ehull_rate_0_05,,1,0,1,,,,,,,missing required columns: predicted_energy_above_hull
benchmark,C_mlip_stability,predicted_ehull_rate_0_10,,1,0,1,,,,,,,missing required columns: predicted_energy_above_hull
benchmark,C_mlip_stability,predicted_ehull_rate_0_15,,1,0,1,,,,,,,missing required columns: predicted_energy_above_hull
benchmark,C_mlip_stability,predicted_metastable_rate_ehull_0_15,,1,0,1,,,,,,,missing required columns: predicted_energy_above_hull
benchmark,C_mlip_stability,metastability_threshold,0.15,1,1,0,,,,,,eV/atom,
benchmark,D_relaxation,relax_success_rate,,1,0,1,,,,,,,missing required columns: relax_ok
benchmark,D_relaxation,median_energy_drop_per_atom,,1,0,1,,,,,,,missing required columns: energy_drop_per_atom
benchmark,D_relaxation,median_max_force_before,,1,0,1,,,,,,,missing required columns: max_force_before
benchmark,D_relaxation,median_max_force_after,,1,0,1,,,,,,,missing required columns: max_force_after
benchmark,D_relaxation,force_threshold_success_rate_0_20,,1,0,1,,,,,,,missing required columns: max_force_after
benchmark,D_relaxation,force_threshold_success_rate_0_10,,1,0,1,,,,,,,missing required columns: max_force_after
benchmark,D_relaxation,rmse_improvement_rate,,1,0,1,,,,,,,"missing required columns: rms_dist_before, rms_dist_after"
benchmark,D_relaxation,median_rmse_before,,1,0,1,,,,,,,missing required columns: rms_dist_before
benchmark,D_relaxation,median_rmse_after,,1,0,1,,,,,,,missing required columns: rms_dist_after
benchmark,D_relaxation,median_rmse_delta,,1,0,1,,,,,,,"missing required columns: rms_dist_before, rms_dist_after"
benchmark,D_relaxation,rmse_improvement_after_relaxation,,1,0,1,,,,,,,"missing required columns: rms_dist_before, rms_dist_after"
benchmark,D_relaxation,relaxed_rmse,,1,0,1,,,,,,,missing required columns: rms_dist_after
benchmark,D_relaxation,structure_preservation_rate,,1,0,1,,,,,,,missing required columns: structure_match_after
benchmark,D_relaxation,collapse_rate,,1,0,1,,,,,,,missing required columns: relax_error
benchmark,E_novelty_sun,unique_rate,1.0,1,1,0,,,,,,,local uniqueness
benchmark,E_novelty_sun,duplicate_rate,0.0,1,1,0,,,,,,,
benchmark,E_novelty_sun,known_match_rate,,1,0,1,,,,,,,
benchmark,E_novelty_sun,local_novelty_rate,,1,0,1,,,,,,,local novelty relative to supplied reference corpus
benchmark,E_novelty_sun,novel_by_structure_matcher_rate,,1,0,1,,,,,,,
benchmark,E_novelty_sun,sun_rate,,1,0,1,,,,,,,SUN uses local novelty and surrogate stability proxy
benchmark,E_novelty_sun,sun_count,,1,0,1,,,,,,,SUN uses local novelty and surrogate stability proxy
benchmark,A_validity,parse_validity_rate,1.0,1,1,0,,,,,,,
benchmark,A_validity,composition_match_rate,1.0,1,1,0,,,,,,,
benchmark,A_validity,pre_dft_validity_rate,1.0,1,1,0,,,,,,,
benchmark,A_validity,geometry_ok_rate,1.0,1,1,0,,,,,,,
benchmark,A_validity,bond_reasonable_rate,1.0,1,1,0,,,,,,,
benchmark,A_validity,bad_contact_rate,0.0,1,1,0,,,,,,,
benchmark,A_validity,median_min_distance,1.6263455967290592,1,1,0,,,,,,,
benchmark,A_validity,median_bad_contacts,0.0,1,1,0,,,,,,,
benchmark,A_validity,hard_fail_count,0.0,1,1,0,,,,,,,
benchmark,B_structure_reproduction,structure_match_rate,,1,0,1,,,,,,,missing required columns: structure_match
benchmark,B_structure_reproduction,match_rate,,1,0,1,,,,,,,missing required columns: structure_match
benchmark,B_structure_reproduction,anonymous_match_rate,,1,0,1,,,,,,,missing required columns: anonymous_match
benchmark,B_structure_reproduction,supercell_match_rate,,1,0,1,,,,,,,missing required columns: supercell_match
benchmark,B_structure_reproduction,mean_rms_dist,,1,0,1,,,,,,,missing required columns: rms_dist
benchmark,B_structure_reproduction,median_rms_dist,,1,0,1,,,,,,,missing required columns: rms_dist
benchmark,B_structure_reproduction,best_rms_dist,,1,0,1,,,,,,,missing required columns: rms_dist
benchmark,B_structure_reproduction,mean_max_dist,,1,0,1,,,,,,,missing required columns: max_dist
benchmark,B_structure_reproduction,structure_rmse,,1,0,1,,,,,,,missing required columns: rms_dist
benchmark,B_structure_reproduction,structure_rmse_relaxed,,1,0,1,,,,,,,"missing required columns: rms_dist_after, relaxed_rms_dist"
benchmark,B_structure_reproduction,match_rate_n1,,1,0,1,,,,,,,missing required columns: structure_match
benchmark,B_structure_reproduction,match_rate_nk,,1,0,1,,,,,,,missing required columns: structure_match
benchmark,C_mlip_stability,chgnet_ok_rate,1.0,1,1,0,,,,,,,
benchmark,C_mlip_stability,m3gnet_ok_rate,1.0,1,1,0,,,,,,,
benchmark,C_mlip_stability,mace_ok_rate,1.0,1,1,0,,,,,,,
benchmark,C_mlip_stability,sevennet_ok_rate,1.0,1,1,0,,,,,,,
benchmark,C_mlip_stability,mlip_ensemble_ok_rate,1.0,1,1,0,,,,,,,
benchmark,C_mlip_stability,mlip_consensus_stable_rate,0.0,1,1,0,,,,,,,
benchmark,C_mlip_stability,mlip_disagreement_rate,1.0,1,1,0,,,,,,,
benchmark,C_mlip_stability,median_mlip_mean_energy,-0.4093940854072571,1,1,0,,,,,,,
benchmark,C_mlip_stability,median_mlip_energy_std,0.700294350990738,1,1,0,,,,,,,
benchmark,C_mlip_stability,median_mlip_max_force,62.714743472847736,1,1,0,,,,,,,
benchmark,C_mlip_stability,predicted_ehull_rate_0_00,,1,0,1,,,,,,,missing required columns: predicted_energy_above_hull
benchmark,C_mlip_stability,predicted_ehull_rate_0_05,,1,0,1,,,,,,,missing required columns: predicted_energy_above_hull
benchmark,C_mlip_stability,predicted_ehull_rate_0_10,,1,0,1,,,,,,,missing required columns: predicted_energy_above_hull
benchmark,C_mlip_stability,predicted_ehull_rate_0_15,,1,0,1,,,,,,,missing required columns: predicted_energy_above_hull
benchmark,C_mlip_stability,predicted_metastable_rate_ehull_0_15,,1,0,1,,,,,,,missing required columns: predicted_energy_above_hull
benchmark,C_mlip_stability,metastability_threshold,0.15,1,1,0,,,,,,eV/atom,
benchmark,D_relaxation,relax_success_rate,,1,0,1,,,,,,,missing required columns: relax_ok
benchmark,D_relaxation,median_energy_drop_per_atom,,1,0,1,,,,,,,missing required columns: energy_drop_per_atom
benchmark,D_relaxation,median_max_force_before,,1,0,1,,,,,,,missing required columns: max_force_before
benchmark,D_relaxation,median_max_force_after,,1,0,1,,,,,,,missing required columns: max_force_after
benchmark,D_relaxation,force_threshold_success_rate_0_20,,1,0,1,,,,,,,missing required columns: max_force_after
benchmark,D_relaxation,force_threshold_success_rate_0_10,,1,0,1,,,,,,,missing required columns: max_force_after
benchmark,D_relaxation,rmse_improvement_rate,,1,0,1,,,,,,,"missing required columns: rms_dist_before, rms_dist_after"
benchmark,D_relaxation,median_rmse_before,,1,0,1,,,,,,,missing required columns: rms_dist_before
benchmark,D_relaxation,median_rmse_after,,1,0,1,,,,,,,missing required columns: rms_dist_after
benchmark,D_relaxation,median_rmse_delta,,1,0,1,,,,,,,"missing required columns: rms_dist_before, rms_dist_after"
benchmark,D_relaxation,rmse_improvement_after_relaxation,,1,0,1,,,,,,,"missing required columns: rms_dist_before, rms_dist_after"
benchmark,D_relaxation,relaxed_rmse,,1,0,1,,,,,,,missing required columns: rms_dist_after
benchmark,D_relaxation,structure_preservation_rate,,1,0,1,,,,,,,missing required columns: structure_match_after
benchmark,D_relaxation,collapse_rate,,1,0,1,,,,,,,missing required columns: relax_error
benchmark,E_novelty_sun,unique_rate,1.0,1,1,0,,,,,,,local uniqueness
benchmark,E_novelty_sun,duplicate_rate,0.0,1,1,0,,,,,,,
benchmark,E_novelty_sun,known_match_rate,,1,0,1,,,,,,,
benchmark,E_novelty_sun,local_novelty_rate,,1,0,1,,,,,,,local novelty relative to supplied reference corpus
benchmark,E_novelty_sun,novel_by_structure_matcher_rate,,1,0,1,,,,,,,
benchmark,E_novelty_sun,sun_rate,,1,0,1,,,,,,,SUN uses local novelty and surrogate stability proxy
benchmark,E_novelty_sun,sun_count,,1,0,1,,,,,,,SUN uses local novelty and surrogate stability proxy
benchmark,A_validity,parse_validity_rate,1.0,1,1,0,,,,,,,
benchmark,A_validity,composition_match_rate,1.0,1,1,0,,,,,,,
benchmark,A_validity,pre_dft_validity_rate,1.0,1,1,0,,,,,,,
benchmark,A_validity,geometry_ok_rate,1.0,1,1,0,,,,,,,
benchmark,A_validity,bond_reasonable_rate,1.0,1,1,0,,,,,,,
benchmark,A_validity,bad_contact_rate,0.0,1,1,0,,,,,,,
benchmark,A_validity,median_min_distance,,1,0,1,,,,,,,
benchmark,A_validity,median_bad_contacts,0.0,1,1,0,,,,,,,
benchmark,A_validity,hard_fail_count,0.0,1,1,0,,,,,,,
benchmark,B_structure_reproduction,structure_match_rate,,1,0,1,,,,,,,missing required columns: structure_match
benchmark,B_structure_reproduction,match_rate,,1,0,1,,,,,,,missing required columns: structure_match
benchmark,B_structure_reproduction,anonymous_match_rate,,1,0,1,,,,,,,missing required columns: anonymous_match
benchmark,B_structure_reproduction,supercell_match_rate,,1,0,1,,,,,,,missing required columns: supercell_match
benchmark,B_structure_reproduction,mean_rms_dist,,1,0,1,,,,,,,missing required columns: rms_dist
benchmark,B_structure_reproduction,median_rms_dist,,1,0,1,,,,,,,missing required columns: rms_dist
benchmark,B_structure_reproduction,best_rms_dist,,1,0,1,,,,,,,missing required columns: rms_dist
benchmark,B_structure_reproduction,mean_max_dist,,1,0,1,,,,,,,missing required columns: max_dist
benchmark,B_structure_reproduction,structure_rmse,,1,0,1,,,,,,,missing required columns: rms_dist
benchmark,B_structure_reproduction,structure_rmse_relaxed,,1,0,1,,,,,,,"missing required columns: rms_dist_after, relaxed_rms_dist"
benchmark,B_structure_reproduction,match_rate_n1,,1,0,1,,,,,,,missing required columns: structure_match
benchmark,B_structure_reproduction,match_rate_nk,,1,0,1,,,,,,,missing required columns: structure_match
benchmark,C_mlip_stability,chgnet_ok_rate,1.0,1,1,0,,,,,,,
benchmark,C_mlip_stability,m3gnet_ok_rate,1.0,1,1,0,,,,,,,
benchmark,C_mlip_stability,mace_ok_rate,1.0,1,1,0,,,,,,,
benchmark,C_mlip_stability,sevennet_ok_rate,1.0,1,1,0,,,,,,,
benchmark,C_mlip_stability,mlip_ensemble_ok_rate,1.0,1,1,0,,,,,,,
benchmark,C_mlip_stability,mlip_consensus_stable_rate,0.0,1,1,0,,,,,,,
benchmark,C_mlip_stability,mlip_disagreement_rate,1.0,1,1,0,,,,,,,
benchmark,C_mlip_stability,median_mlip_mean_energy,-3.3481947779655457,1,1,0,,,,,,,
benchmark,C_mlip_stability,median_mlip_energy_std,0.7267407718674416,1,1,0,,,,,,,
benchmark,C_mlip_stability,median_mlip_max_force,0.8607120245090749,1,1,0,,,,,,,
benchmark,C_mlip_stability,predicted_ehull_rate_0_00,,1,0,1,,,,,,,missing required columns: predicted_energy_above_hull
benchmark,C_mlip_stability,predicted_ehull_rate_0_05,,1,0,1,,,,,,,missing required columns: predicted_energy_above_hull
benchmark,C_mlip_stability,predicted_ehull_rate_0_10,,1,0,1,,,,,,,missing required columns: predicted_energy_above_hull
benchmark,C_mlip_stability,predicted_ehull_rate_0_15,,1,0,1,,,,,,,missing required columns: predicted_energy_above_hull
benchmark,C_mlip_stability,predicted_metastable_rate_ehull_0_15,,1,0,1,,,,,,,missing required columns: predicted_energy_above_hull
benchmark,C_mlip_stability,metastability_threshold,0.15,1,1,0,,,,,,eV/atom,
benchmark,D_relaxation,relax_success_rate,,1,0,1,,,,,,,missing required columns: relax_ok
benchmark,D_relaxation,median_energy_drop_per_atom,,1,0,1,,,,,,,missing required columns: energy_drop_per_atom
benchmark,D_relaxation,median_max_force_before,,1,0,1,,,,,,,missing required columns: max_force_before
benchmark,D_relaxation,median_max_force_after,,1,0,1,,,,,,,missing required columns: max_force_after
benchmark,D_relaxation,force_threshold_success_rate_0_20,,1,0,1,,,,,,,missing required columns: max_force_after
benchmark,D_relaxation,force_threshold_success_rate_0_10,,1,0,1,,,,,,,missing required columns: max_force_after
benchmark,D_relaxation,rmse_improvement_rate,,1,0,1,,,,,,,"missing required columns: rms_dist_before, rms_dist_after"
benchmark,D_relaxation,median_rmse_before,,1,0,1,,,,,,,missing required columns: rms_dist_before
benchmark,D_relaxation,median_rmse_after,,1,0,1,,,,,,,missing required columns: rms_dist_after
benchmark,D_relaxation,median_rmse_delta,,1,0,1,,,,,,,"missing required columns: rms_dist_before, rms_dist_after"
benchmark,D_relaxation,rmse_improvement_after_relaxation,,1,0,1,,,,,,,"missing required columns: rms_dist_before, rms_dist_after"
benchmark,D_relaxation,relaxed_rmse,,1,0,1,,,,,,,missing required columns: rms_dist_after
benchmark,D_relaxation,structure_preservation_rate,,1,0,1,,,,,,,missing required columns: structure_match_after
benchmark,D_relaxation,collapse_rate,,1,0,1,,,,,,,missing required columns: relax_error
benchmark,E_novelty_sun,unique_rate,1.0,1,1,0,,,,,,,local uniqueness
benchmark,E_novelty_sun,duplicate_rate,0.0,1,1,0,,,,,,,
benchmark,E_novelty_sun,known_match_rate,,1,0,1,,,,,,,
benchmark,E_novelty_sun,local_novelty_rate,,1,0,1,,,,,,,local novelty relative to supplied reference corpus
benchmark,E_novelty_sun,novel_by_structure_matcher_rate,,1,0,1,,,,,,,
benchmark,E_novelty_sun,sun_rate,,1,0,1,,,,,,,SUN uses local novelty and surrogate stability proxy
benchmark,E_novelty_sun,sun_count,,1,0,1,,,,,,,SUN uses local novelty and surrogate stability proxy
benchmark,A_validity,parse_validity_rate,1.0,1,1,0,,,,,,,
benchmark,A_validity,composition_match_rate,1.0,1,1,0,,,,,,,
benchmark,A_validity,pre_dft_validity_rate,0.0,1,1,0,,,,,,,
benchmark,A_validity,geometry_ok_rate,1.0,1,1,0,,,,,,,
benchmark,A_validity,bond_reasonable_rate,0.0,1,1,0,,,,,,,
benchmark,A_validity,bad_contact_rate,1.0,1,1,0,,,,,,,
benchmark,A_validity,median_min_distance,1.15,1,1,0,,,,,,,
benchmark,A_validity,median_bad_contacts,3.0,1,1,0,,,,,,,
benchmark,A_validity,hard_fail_count,1.0,1,1,0,,,,,,,
benchmark,B_structure_reproduction,structure_match_rate,,1,0,1,,,,,,,missing required columns: structure_match
benchmark,B_structure_reproduction,match_rate,,1,0,1,,,,,,,missing required columns: structure_match
benchmark,B_structure_reproduction,anonymous_match_rate,,1,0,1,,,,,,,missing required columns: anonymous_match
benchmark,B_structure_reproduction,supercell_match_rate,,1,0,1,,,,,,,missing required columns: supercell_match
benchmark,B_structure_reproduction,mean_rms_dist,,1,0,1,,,,,,,missing required columns: rms_dist
benchmark,B_structure_reproduction,median_rms_dist,,1,0,1,,,,,,,missing required columns: rms_dist
benchmark,B_structure_reproduction,best_rms_dist,,1,0,1,,,,,,,missing required columns: rms_dist
benchmark,B_structure_reproduction,mean_max_dist,,1,0,1,,,,,,,missing required columns: max_dist
benchmark,B_structure_reproduction,structure_rmse,,1,0,1,,,,,,,missing required columns: rms_dist
benchmark,B_structure_reproduction,structure_rmse_relaxed,,1,0,1,,,,,,,"missing required columns: rms_dist_after, relaxed_rms_dist"
benchmark,B_structure_reproduction,match_rate_n1,,1,0,1,,,,,,,missing required columns: structure_match
benchmark,B_structure_reproduction,match_rate_nk,,1,0,1,,,,,,,missing required columns: structure_match
benchmark,C_mlip_stability,chgnet_ok_rate,1.0,1,1,0,,,,,,,
benchmark,C_mlip_stability,m3gnet_ok_rate,1.0,1,1,0,,,,,,,
benchmark,C_mlip_stability,mace_ok_rate,1.0,1,1,0,,,,,,,
benchmark,C_mlip_stability,sevennet_ok_rate,1.0,1,1,0,,,,,,,
benchmark,C_mlip_stability,mlip_ensemble_ok_rate,1.0,1,1,0,,,,,,,
benchmark,C_mlip_stability,mlip_consensus_stable_rate,0.0,1,1,0,,,,,,,
benchmark,C_mlip_stability,mlip_disagreement_rate,1.0,1,1,0,,,,,,,
benchmark,C_mlip_stability,median_mlip_mean_energy,3.731439777782985,1,1,0,,,,,,,
benchmark,C_mlip_stability,median_mlip_energy_std,2.2064361598576263,1,1,0,,,,,,,
benchmark,C_mlip_stability,median_mlip_max_force,163.20788575477417,1,1,0,,,,,,,
benchmark,C_mlip_stability,predicted_ehull_rate_0_00,,1,0,1,,,,,,,missing required columns: predicted_energy_above_hull
benchmark,C_mlip_stability,predicted_ehull_rate_0_05,,1,0,1,,,,,,,missing required columns: predicted_energy_above_hull
benchmark,C_mlip_stability,predicted_ehull_rate_0_10,,1,0,1,,,,,,,missing required columns: predicted_energy_above_hull
benchmark,C_mlip_stability,predicted_ehull_rate_0_15,,1,0,1,,,,,,,missing required columns: predicted_energy_above_hull
benchmark,C_mlip_stability,predicted_metastable_rate_ehull_0_15,,1,0,1,,,,,,,missing required columns: predicted_energy_above_hull
benchmark,C_mlip_stability,metastability_threshold,0.15,1,1,0,,,,,,eV/atom,
benchmark,D_relaxation,relax_success_rate,,1,0,1,,,,,,,missing required columns: relax_ok
benchmark,D_relaxation,median_energy_drop_per_atom,,1,0,1,,,,,,,missing required columns: energy_drop_per_atom
benchmark,D_relaxation,median_max_force_before,,1,0,1,,,,,,,missing required columns: max_force_before
benchmark,D_relaxation,median_max_force_after,,1,0,1,,,,,,,missing required columns: max_force_after
benchmark,D_relaxation,force_threshold_success_rate_0_20,,1,0,1,,,,,,,missing required columns: max_force_after
benchmark,D_relaxation,force_threshold_success_rate_0_10,,1,0,1,,,,,,,missing required columns: max_force_after
benchmark,D_relaxation,rmse_improvement_rate,,1,0,1,,,,,,,"missing required columns: rms_dist_before, rms_dist_after"
benchmark,D_relaxation,median_rmse_before,,1,0,1,,,,,,,missing required columns: rms_dist_before
benchmark,D_relaxation,median_rmse_after,,1,0,1,,,,,,,missing required columns: rms_dist_after
benchmark,D_relaxation,median_rmse_delta,,1,0,1,,,,,,,"missing required columns: rms_dist_before, rms_dist_after"
benchmark,D_relaxation,rmse_improvement_after_relaxation,,1,0,1,,,,,,,"missing required columns: rms_dist_before, rms_dist_after"
benchmark,D_relaxation,relaxed_rmse,,1,0,1,,,,,,,missing required columns: rms_dist_after
benchmark,D_relaxation,structure_preservation_rate,,1,0,1,,,,,,,missing required columns: structure_match_after
benchmark,D_relaxation,collapse_rate,,1,0,1,,,,,,,missing required columns: relax_error
benchmark,E_novelty_sun,unique_rate,1.0,1,1,0,,,,,,,local uniqueness
benchmark,E_novelty_sun,duplicate_rate,0.0,1,1,0,,,,,,,
benchmark,E_novelty_sun,known_match_rate,,1,0,1,,,,,,,
benchmark,E_novelty_sun,local_novelty_rate,,1,0,1,,,,,,,local novelty relative to supplied reference corpus
benchmark,E_novelty_sun,novel_by_structure_matcher_rate,,1,0,1,,,,,,,
benchmark,E_novelty_sun,sun_rate,,1,0,1,,,,,,,SUN uses local novelty and surrogate stability proxy
benchmark,E_novelty_sun,sun_count,,1,0,1,,,,,,,SUN uses local novelty and surrogate stability proxy
comparator,A_validity,pre_dft_validity_rate,0.8636363636363636,22,22,0,crystal_text_llm_physical_constraints,0.9,higher_is_better,False,-0.036363636363636376,,around 90% physically constrained samples; contextual comparator
comparator,all,match_rate,,22,0,22,DiffCSP_MP20,0.5149,higher_is_better,,,,metric not computable
comparator,all,match_rate,,22,0,22,FlowMM_MP20,0.6139,higher_is_better,,,,metric not computable
comparator,all,match_rate,,22,0,22,CrystalFlow_MP20,0.6202,higher_is_better,,,,metric not computable
comparator,all,match_rate,,22,0,22,Lang2Str_MP20,0.6392,higher_is_better,,,,metric not computable
comparator,all,match_rate,,22,0,22,Uni3DAR_MP20,0.6548,higher_is_better,,,,metric not computable
comparator,all,structure_rmse,,22,0,22,Lang2Str_MP20,0.076,lower_is_better,,,,metric not computable
comparator,all,structure_rmse_relaxed,,22,0,22,Lang2Str_MP20_relaxed,0.055,lower_is_better,,,,metric not computable
comparator,all,match_rate,,22,0,22,Lang2Str_MPTS52,0.2836,higher_is_better,,,,metric not computable
comparator,all,match_rate,,22,0,22,Uni3DAR_MPTS52,0.3244,higher_is_better,,,,metric not computable
comparator,all,predicted_metastable_rate_ehull_0_15,,22,0,22,CDVAE_crystal_text_llm_comparator,0.28,higher_is_better,,,,metric not computable
comparator,all,predicted_metastable_rate_ehull_0_15,,22,0,22,finetuned_LLaMA2_70B_crystal_text_llm,0.49,higher_is_better,,,,metric not computable
comparator,C_mlip_stability,metastability_threshold,0.15,22,22,0,Chemeleon_ZnTiO_metastable_threshold,0.15,lower_is_better,True,0.0,eV/atom,
comparator,all,rmse_improvement_after_relaxation,,22,0,22,Lang2Str_MP20_relaxation_improvement,0.021,higher_is_better,,,,metric not computable; 0.076 -> 0.055
comparator,all,relaxed_rmse,,22,0,22,Lang2Str_MP20_relaxed,0.055,lower_is_better,,,,metric not computable
comparator,E_novelty_sun,unique_rate,1.0,22,22,0,internal_first_target,0.9,higher_is_better,True,0.09999999999999998,,
comparator,all,sun_rate,,22,0,22,internal_first_target,0.28,higher_is_better,,,,metric not computable
comparator,all,sun_rate,,22,0,22,internal_strong_target,0.4,higher_is_better,,,,metric not computable
